track_id,frame,time(s),x(px),y(px),class,conf
325,1,0.1,245,81,motor,0.98
325,2,0.2,246,92,motor,0.99
325,3,0.3,246,103,motor,0.98
325,4,0.4,246,113,motor,0.99
325,5,0.5,246,123,motor,0.97
325,6,0.6,247,133,motor,0.99
325,7,0.7,247,142,motor,0.99
325,8,0.8,246,152,motor,0.98
325,9,0.9,246,162,motor,0.98
325,10,1.0,246,172,motor,0.98
325,11,1.1,247,183,motor,0.99
325,12,1.2,247,193,motor,0.98
325,13,1.3,247,204,motor,0.98
325,14,1.4,247,215,motor,0.97
325,15,1.5,246,225,motor,0.98
325,16,1.6,245,236,motor,0.97
325,17,1.7,245,247,motor,0.97
325,18,1.8,245,258,motor,0.95
325,19,1.9,244,270,motor,0.98
325,20,2.0,244,281,motor,0.97
325,21,2.1,243,294,motor,0.96
325,22,2.2,243,306,motor,0.97
325,23,2.3,243,318,motor,0.98
325,24,2.4,243,330,motor,0.98
325,25,2.5,243,341,motor,0.94
325,26,2.6,243,352,motor,0.98
325,27,2.7,243,365,motor,0.95
325,28,2.8,243,376,motor,0.98
325,29,2.9,244,387,motor,0.97
325,30,3.0,245,398,motor,0.98
325,31,3.1,246,409,motor,0.94
325,32,3.2,247,421,motor,0.93
325,33,3.3,248,432,motor,0.89
325,34,3.4,249,443,motor,0.7
325,35,3.5,250,454,motor,0.89
325,36,3.6,251,464,motor,0.94
325,37,3.7,251,476,motor,0.99
325,38,3.8,251,486,motor,0.99
325,39,3.9,252,486,motor,0.94
325,40,4.0,254,486,motor,0.91
325,41,4.1,254,486,motor,0.61
326,1,0.1,303,342,motor,0.97
326,2,0.2,303,352,motor,0.98
326,3,0.3,304,364,motor,0.97
326,4,0.4,304,374,motor,0.96
326,5,0.5,304,385,motor,0.86
326,6,0.6,305,395,motor,0.95
326,7,0.7,305,405,motor,0.96
326,8,0.8,306,415,motor,0.97
326,9,0.9,307,425,motor,0.94
326,10,1.0,308,436,motor,0.92
326,11,1.1,308,446,motor,0.97
326,12,1.2,309,456,motor,0.98
326,13,1.3,309,465,motor,0.94
326,14,1.4,309,476,motor,0.96
326,15,1.5,310,485,motor,0.92
326,16,1.6,310,486,motor,0.92
326,17,1.7,310,486,motor,0.64
327,47,4.7,805,333,motor,0.96
327,48,4.8,807,333,motor,0.95
327,49,4.9,810,333,motor,0.91
327,50,5.0,816,334,motor,0.94
327,51,5.1,819,334,motor,0.87
327,52,5.2,822,334,motor,0.93
327,53,5.3,827,335,motor,0.94
327,54,5.4,830,335,motor,0.93
327,55,5.5,833,335,motor,0.9
327,56,5.6,836,337,motor,0.93
327,57,5.7,840,336,motor,0.96
327,58,5.8,843,335,motor,0.96
327,59,5.9,847,335,motor,0.97
327,60,6.0,850,335,motor,0.97
327,61,6.1,854,336,motor,0.95
327,62,6.2,858,336,motor,0.97
327,63,6.3,863,336,motor,0.98
327,64,6.4,866,337,motor,0.98
327,65,6.5,870,337,motor,0.98
327,66,6.6,873,337,motor,0.98
327,67,6.7,876,336,motor,0.96
327,68,6.8,880,336,motor,0.97
327,69,6.9,883,335,motor,0.97
327,70,7.0,884,335,motor,0.97
327,71,7.1,886,335,motor,0.96
327,72,7.2,888,334,motor,0.96
327,73,7.3,889,334,motor,0.95
327,74,7.4,890,333,motor,0.97
327,75,7.5,890,333,motor,0.98
327,76,7.6,892,333,motor,0.96
327,77,7.7,894,333,motor,0.96
327,78,7.8,897,332,motor,0.96
327,79,7.9,899,332,motor,0.97
327,80,8.0,901,331,motor,0.97
327,81,8.1,903,329,motor,0.97
327,82,8.2,905,329,motor,0.99
327,83,8.3,910,329,motor,0.99
327,84,8.4,914,329,motor,0.99
327,85,8.5,918,328,motor,0.99
327,86,8.6,922,327,motor,0.98
327,87,8.7,925,326,motor,0.98
327,88,8.8,928,326,motor,0.99
327,89,8.9,929,325,motor,0.99
327,90,9.0,931,324,motor,0.98
327,91,9.1,931,324,motor,0.97
327,92,9.2,932,324,motor,0.97
327,93,9.3,933,324,motor,0.95
327,94,9.4,935,325,motor,0.81
327,95,9.5,936,324,motor,0.65
327,96,9.6,937,324,motor,0.69
327,97,9.7,937,324,motor,0.66
327,98,9.8,937,324,motor,0.59
327,99,9.9,939,324,motor,0.54
327,100,10.0,940,324,motor,0.48
327,101,10.1,942,324,motor,0.54
327,102,10.2,943,324,motor,0.52
327,103,10.3,944,324,motor,0.53
327,104,10.4,945,323,motor,0.57
327,105,10.5,946,323,motor,0.56
327,106,10.6,947,322,motor,0.52
328,1,0.1,293,174,motor,0.95
328,2,0.2,293,184,motor,0.96
328,3,0.3,293,197,motor,0.93
328,4,0.4,294,207,motor,0.9
328,5,0.5,295,219,motor,0.92
328,6,0.6,295,230,motor,0.92
328,7,0.7,296,242,motor,0.93
328,8,0.8,296,252,motor,0.86
328,9,0.9,296,262,motor,0.94
328,10,1.0,297,274,motor,0.93
328,11,1.1,297,285,motor,0.97
328,12,1.2,297,296,motor,0.89
328,13,1.3,297,306,motor,0.96
328,14,1.4,297,318,motor,0.95
328,15,1.5,297,329,motor,0.96
328,16,1.6,297,341,motor,0.87
328,17,1.7,297,351,motor,0.95
328,18,1.8,298,363,motor,0.9
328,19,1.9,298,374,motor,0.94
328,20,2.0,298,386,motor,0.73
328,21,2.1,298,396,motor,0.93
328,22,2.2,298,407,motor,0.82
328,23,2.3,298,419,motor,0.87
328,24,2.4,297,430,motor,0.92
328,25,2.5,297,441,motor,0.92
328,26,2.6,297,453,motor,0.97
328,27,2.7,297,465,motor,0.96
328,28,2.8,297,475,motor,0.95
328,29,2.9,298,485,motor,0.98
328,30,3.0,299,486,motor,0.95
328,31,3.1,300,486,motor,0.88
328,32,3.2,300,486,motor,0.6
328,33,3.3,302,486,motor,0.59
329,1,0.1,243,361,motor,0.94
329,2,0.2,243,371,motor,0.95
329,3,0.3,243,384,motor,0.87
329,4,0.4,243,396,motor,0.95
329,5,0.5,242,410,motor,0.89
329,6,0.6,242,421,motor,0.91
329,7,0.7,242,433,motor,0.95
329,8,0.8,241,444,motor,0.88
329,9,0.9,240,456,motor,0.95
329,10,1.0,240,467,motor,0.96
329,11,1.1,239,478,motor,0.93
329,12,1.2,238,486,motor,0.91
329,13,1.3,238,486,motor,0.82
329,14,1.4,237,486,motor,0.7
329,15,1.5,237,486,motor,0.63
330,76,7.6,827,301,motor,0.92
330,77,7.7,826,301,motor,0.95
330,78,7.8,826,301,motor,0.98
330,79,7.9,826,301,motor,0.96
330,80,8.0,826,301,motor,0.95
330,81,8.1,825,302,motor,0.94
330,82,8.2,825,302,motor,0.96
330,83,8.3,827,302,motor,0.92
330,84,8.4,829,303,motor,0.9
330,85,8.5,831,303,motor,0.93
330,86,8.6,832,304,motor,0.91
330,87,8.7,833,304,motor,0.94
330,88,8.8,834,305,motor,0.9
330,89,8.9,835,306,motor,0.89
330,90,9.0,836,306,motor,0.85
330,91,9.1,837,306,motor,0.85
330,92,9.2,838,307,motor,0.64
330,93,9.3,839,309,motor,0.75
330,94,9.4,842,309,motor,0.64
330,95,9.5,843,309,motor,0.63
330,96,9.6,842,311,motor,0.56
330,97,9.7,844,311,motor,0.55
330,98,9.8,845,311,motor,0.67
330,99,9.9,849,312,motor,0.84
330,100,10.0,854,312,motor,0.63
330,101,10.1,856,313,motor,0.84
330,102,10.2,858,313,motor,0.8
330,103,10.3,860,313,motor,0.9
330,104,10.4,862,314,motor,0.94
330,105,10.5,863,315,motor,0.89
330,106,10.6,865,315,motor,0.86
330,107,10.7,867,315,motor,0.87
330,108,10.8,869,315,motor,0.95
330,109,10.9,870,316,motor,0.96
330,110,11.0,871,317,motor,0.95
330,111,11.1,873,318,motor,0.97
330,112,11.2,875,318,motor,0.93
330,113,11.3,877,319,motor,0.91
330,114,11.4,880,320,motor,0.9
330,115,11.5,882,320,motor,0.74
330,116,11.6,883,321,motor,0.88
330,117,11.7,885,322,motor,0.9
330,118,11.8,887,323,motor,0.94
330,119,11.9,889,323,motor,0.95
330,120,12.0,891,323,motor,0.97
330,121,12.1,893,323,motor,0.97
330,122,12.2,895,324,motor,0.98
330,123,12.3,897,324,motor,0.97
330,124,12.4,900,324,motor,0.98
330,125,12.5,902,324,motor,0.98
330,126,12.6,904,324,motor,0.98
330,127,12.7,906,324,motor,0.98
330,128,12.8,907,324,motor,0.99
330,129,12.9,909,324,motor,0.97
330,130,13.0,912,324,motor,0.97
330,131,13.1,914,324,motor,0.98
330,132,13.2,916,324,motor,0.98
330,133,13.3,918,324,motor,0.99
330,134,13.4,921,324,motor,0.98
330,135,13.5,923,324,motor,0.96
331,76,7.6,745,333,motor,0.82
331,77,7.7,748,333,motor,0.87
331,78,7.8,750,333,motor,0.87
331,79,7.9,752,333,motor,0.89
331,80,8.0,753,333,motor,0.87
331,81,8.1,754,332,motor,0.84
331,82,8.2,755,333,motor,0.76
331,83,8.3,759,332,motor,0.79
331,84,8.4,762,332,motor,0.91
331,85,8.5,764,333,motor,0.91
331,86,8.6,767,332,motor,0.86
331,87,8.7,770,332,motor,0.75
331,88,8.8,772,333,motor,0.85
331,89,8.9,774,333,motor,0.88
331,90,9.0,776,333,motor,0.87
331,91,9.1,778,333,motor,0.9
331,92,9.2,779,333,motor,0.8
331,93,9.3,781,333,motor,0.71
331,94,9.4,784,333,motor,0.86
331,95,9.5,785,333,motor,0.92
331,96,9.6,786,333,motor,0.93
331,97,9.7,786,333,motor,0.94
331,98,9.8,787,333,motor,0.94
331,99,9.9,788,333,motor,0.95
331,100,10.0,789,333,motor,0.96
331,101,10.1,791,333,motor,0.95
331,102,10.2,792,333,motor,0.92
331,103,10.3,793,333,motor,0.92
331,104,10.4,794,333,motor,0.92
331,105,10.5,795,333,motor,0.92
331,106,10.6,795,333,motor,0.91
331,107,10.7,796,334,motor,0.91
331,108,10.8,796,334,motor,0.91
331,109,10.9,796,334,motor,0.93
331,110,11.0,797,335,motor,0.94
331,111,11.1,797,335,motor,0.94
331,112,11.2,797,335,motor,0.92
331,113,11.3,798,335,motor,0.93
331,114,11.4,798,334,motor,0.91
331,115,11.5,798,334,motor,0.93
331,116,11.6,798,334,motor,0.94
331,117,11.7,799,334,motor,0.95
331,118,11.8,799,334,motor,0.93
331,119,11.9,800,335,motor,0.9
331,120,12.0,801,335,motor,0.89
331,121,12.1,803,335,motor,0.89
331,122,12.2,804,335,motor,0.89
331,123,12.3,806,335,motor,0.82
331,124,12.4,807,335,motor,0.86
331,125,12.5,808,336,motor,0.85
331,126,12.6,809,336,motor,0.88
331,127,12.7,810,336,motor,0.88
331,128,12.8,811,336,motor,0.92
331,129,12.9,812,336,motor,0.93
331,130,13.0,812,336,motor,0.94
331,131,13.1,813,336,motor,0.92
331,132,13.2,815,336,motor,0.85
331,133,13.3,817,336,motor,0.83
331,134,13.4,818,337,motor,0.82
331,135,13.5,820,338,motor,0.84
332,1,0.1,660,321,motor,0.95
332,2,0.2,667,323,motor,0.97
332,3,0.3,677,325,motor,0.9
332,4,0.4,686,328,motor,0.97
332,5,0.5,695,330,motor,0.94
332,6,0.6,704,330,motor,0.9
332,7,0.7,713,330,motor,0.93
332,8,0.8,723,332,motor,0.86
332,9,0.9,730,333,motor,0.94
332,10,1.0,739,334,motor,0.87
332,11,1.1,747,335,motor,0.91
332,12,1.2,756,336,motor,0.95
332,13,1.3,764,337,motor,0.92
332,14,1.4,774,337,motor,0.95
332,15,1.5,783,339,motor,0.94
332,16,1.6,794,340,motor,0.94
332,17,1.7,803,342,motor,0.95
332,18,1.8,812,342,motor,0.95
332,19,1.9,822,343,motor,0.92
332,20,2.0,830,344,motor,0.96
332,21,2.1,838,344,motor,0.95
332,22,2.2,847,344,motor,0.96
332,23,2.3,855,344,motor,0.96
332,24,2.4,863,344,motor,0.93
332,25,2.5,870,344,motor,0.94
332,26,2.6,878,344,motor,0.97
332,27,2.7,885,345,motor,0.95
332,28,2.8,890,344,motor,0.96
332,29,2.9,897,344,motor,0.97
332,30,3.0,902,343,motor,0.95
332,31,3.1,908,343,motor,0.94
332,32,3.2,913,342,motor,0.97
332,33,3.3,916,342,motor,0.98
332,34,3.4,920,342,motor,0.97
332,35,3.5,921,342,motor,0.98
332,36,3.6,923,341,motor,0.97
332,37,3.7,925,340,motor,0.9
332,38,3.8,926,338,motor,0.94
332,39,3.9,928,339,motor,0.93
332,40,4.0,930,337,motor,0.89
332,41,4.1,930,338,motor,0.87
332,42,4.2,931,339,motor,0.85
332,43,4.3,934,337,motor,0.94
332,44,4.4,935,335,motor,0.87
332,45,4.5,937,335,motor,0.71
332,46,4.6,939,334,motor,0.61
332,47,4.7,941,333,motor,0.6
332,48,4.8,942,333,motor,0.45
333,1,0.1,308,486,motor,0.83
333,2,0.2,308,486,motor,0.65
333,3,0.3,308,486,motor,0.53
334,1,0.1,438,162,motor,0.9
334,2,0.2,442,166,motor,0.83
334,3,0.3,447,168,motor,0.87
334,4,0.4,453,169,motor,0.91
334,5,0.5,457,170,motor,0.93
334,6,0.6,462,171,motor,0.95
334,7,0.7,467,172,motor,0.97
334,8,0.8,472,174,motor,0.98
334,9,0.9,477,176,motor,0.96
334,10,1.0,482,176,motor,0.99
334,11,1.1,487,178,motor,0.99
334,12,1.2,492,177,motor,0.97
334,13,1.3,497,177,motor,0.97
334,14,1.4,502,176,motor,0.94
334,15,1.5,508,173,motor,0.95
334,16,1.6,513,172,motor,0.97
334,17,1.7,518,171,motor,0.98
334,18,1.8,523,171,motor,0.98
334,19,1.9,528,171,motor,0.99
334,20,2.0,534,168,motor,0.97
334,21,2.1,539,166,motor,0.97
334,22,2.2,543,166,motor,0.95
334,23,2.3,548,167,motor,0.97
334,24,2.4,553,165,motor,0.98
334,25,2.5,558,165,motor,0.99
334,26,2.6,562,167,motor,0.99
334,27,2.7,568,166,motor,0.96
334,28,2.8,572,163,motor,0.96
334,29,2.9,576,162,motor,0.95
334,30,3.0,579,162,motor,0.97
334,31,3.1,583,161,motor,0.92
334,32,3.2,587,157,motor,0.94
334,33,3.3,591,153,motor,0.91
334,34,3.4,594,152,motor,0.93
334,35,3.5,597,151,motor,0.9
334,36,3.6,600,147,motor,0.95
334,37,3.7,603,144,motor,0.92
334,38,3.8,606,140,motor,0.94
334,39,3.9,608,137,motor,0.96
334,40,4.0,611,132,motor,1.0
334,41,4.1,613,128,motor,0.99
334,42,4.2,615,123,motor,0.98
334,43,4.3,616,118,motor,0.99
334,44,4.4,617,115,motor,0.97
334,45,4.5,619,109,motor,0.99
334,46,4.6,620,104,motor,0.95
334,47,4.7,621,98,motor,0.98
334,48,4.8,622,93,motor,0.97
334,49,4.9,623,87,motor,0.99
334,50,5.0,624,81,motor,0.99
334,51,5.1,625,74,motor,0.98
334,52,5.2,626,67,motor,0.98
334,53,5.3,627,61,motor,0.99
334,54,5.4,627,55,motor,0.95
334,55,5.5,626,48,motor,0.95
334,56,5.6,626,41,motor,0.97
334,57,5.7,625,35,motor,0.95
334,58,5.8,626,27,motor,0.4
335,76,7.6,644,370,non_motor,0.88
335,77,7.7,643,369,non_motor,0.86
335,78,7.8,642,369,non_motor,0.71
335,79,7.9,642,369,non_motor,0.79
335,80,8.0,641,369,non_motor,0.72
335,81,8.1,640,366,non_motor,0.83
335,82,8.2,639,366,non_motor,0.84
335,83,8.3,640,365,non_motor,0.76
335,84,8.4,640,366,non_motor,0.79
335,85,8.5,640,366,non_motor,0.8
335,86,8.6,641,365,non_motor,0.85
335,87,8.7,641,366,non_motor,0.84
335,88,8.8,641,365,non_motor,0.82
335,89,8.9,641,365,non_motor,0.81
335,90,9.0,641,365,non_motor,0.87
335,91,9.1,641,365,non_motor,0.87
335,92,9.2,641,365,non_motor,0.88
335,93,9.3,642,365,non_motor,0.88
335,94,9.4,642,365,non_motor,0.89
335,95,9.5,642,366,non_motor,0.92
335,96,9.6,641,366,non_motor,0.9
335,97,9.7,641,366,non_motor,0.9
335,98,9.8,641,367,non_motor,0.9
335,99,9.9,641,367,non_motor,0.91
335,100,10.0,641,366,non_motor,0.87
335,101,10.1,641,366,non_motor,0.87
335,102,10.2,641,366,non_motor,0.88
335,103,10.3,641,367,non_motor,0.87
335,104,10.4,641,367,non_motor,0.86
335,105,10.5,641,367,non_motor,0.87
335,106,10.6,641,367,non_motor,0.88
335,107,10.7,641,367,non_motor,0.88
335,108,10.8,641,367,non_motor,0.87
335,109,10.9,641,367,non_motor,0.87
335,110,11.0,641,367,non_motor,0.89
335,111,11.1,641,367,non_motor,0.9
335,112,11.2,641,367,non_motor,0.9
335,113,11.3,641,367,non_motor,0.89
335,114,11.4,641,367,non_motor,0.88
335,115,11.5,641,367,non_motor,0.88
335,116,11.6,641,367,non_motor,0.88
335,117,11.7,641,367,non_motor,0.88
335,118,11.8,640,367,non_motor,0.87
335,119,11.9,640,367,non_motor,0.86
335,120,12.0,641,367,non_motor,0.88
335,121,12.1,641,367,non_motor,0.88
335,122,12.2,641,367,non_motor,0.89
335,123,12.3,641,367,non_motor,0.89
335,124,12.4,641,367,non_motor,0.88
335,125,12.5,641,367,non_motor,0.88
335,126,12.6,641,367,non_motor,0.88
335,127,12.7,642,367,non_motor,0.88
335,128,12.8,642,368,non_motor,0.88
335,129,12.9,642,367,non_motor,0.89
335,130,13.0,642,367,non_motor,0.88
335,131,13.1,642,366,non_motor,0.88
335,132,13.2,642,366,non_motor,0.88
335,133,13.3,642,366,non_motor,0.89
335,134,13.4,642,366,non_motor,0.9
335,135,13.5,642,365,non_motor,0.9
336,56,5.6,731,199,non_motor,0.65
336,57,5.7,731,199,non_motor,0.61
336,58,5.8,730,199,non_motor,0.51
336,59,5.9,730,199,non_motor,0.49
336,60,6.0,730,199,non_motor,0.58
336,61,6.1,730,199,non_motor,0.56
336,62,6.2,730,199,non_motor,0.55
336,63,6.3,730,199,non_motor,0.58
336,64,6.4,730,199,non_motor,0.57
336,65,6.5,730,199,non_motor,0.54
336,66,6.6,730,198,non_motor,0.63
336,67,6.7,729,198,non_motor,0.73
336,68,6.8,727,198,non_motor,0.67
336,69,6.9,726,198,non_motor,0.7
336,70,7.0,725,198,non_motor,0.67
336,71,7.1,722,198,non_motor,0.82
336,72,7.2,721,199,non_motor,0.7
336,73,7.3,719,199,non_motor,0.72
336,74,7.4,717,200,non_motor,0.81
336,75,7.5,715,201,non_motor,0.64
336,76,7.6,714,202,non_motor,0.67
336,77,7.7,712,203,non_motor,0.54
336,78,7.8,710,203,non_motor,0.37
336,79,7.9,710,204,non_motor,0.5
336,80,8.0,709,204,non_motor,0.44
336,81,8.1,707,204,non_motor,0.68
336,82,8.2,707,204,non_motor,0.63
336,83,8.3,708,204,non_motor,0.57
336,84,8.4,708,204,non_motor,0.53
336,85,8.5,708,204,non_motor,0.57
336,86,8.6,709,204,non_motor,0.55
336,87,8.7,710,204,non_motor,0.53
336,88,8.8,710,204,non_motor,0.55
336,89,8.9,710,203,non_motor,0.49
336,90,9.0,710,203,non_motor,0.44
336,91,9.1,710,203,non_motor,0.37
336,92,9.2,710,203,non_motor,0.39
336,93,9.3,710,203,non_motor,0.42
336,94,9.4,710,203,non_motor,0.49
336,95,9.5,709,202,non_motor,0.37
336,96,9.6,710,203,non_motor,0.34
336,97,9.7,709,203,non_motor,0.36
336,98,9.8,709,203,non_motor,0.41
336,99,9.9,710,202,non_motor,0.43
336,100,10.0,709,202,non_motor,0.44
336,101,10.1,709,202,non_motor,0.51
336,102,10.2,708,202,non_motor,0.35
336,103,10.3,708,202,non_motor,0.35
336,104,10.4,709,202,non_motor,0.29
336,105,10.5,708,201,non_motor,0.28
336,119,11.9,708,201,non_motor,0.29
336,120,12.0,708,202,non_motor,0.31
336,121,12.1,708,202,non_motor,0.3
336,122,12.2,708,202,non_motor,0.33
336,123,12.3,708,202,non_motor,0.35
336,124,12.4,708,202,non_motor,0.33
336,125,12.5,708,202,non_motor,0.31
336,126,12.6,708,202,non_motor,0.33
336,127,12.7,709,202,non_motor,0.26
336,128,12.8,709,202,non_motor,0.27
337,76,7.6,241,353,non_motor,0.43
337,77,7.7,242,352,non_motor,0.49
337,78,7.8,244,352,non_motor,0.61
337,79,7.9,245,352,non_motor,0.64
337,80,8.0,246,351,non_motor,0.6
337,81,8.1,247,351,non_motor,0.5
337,82,8.2,248,351,non_motor,0.56
337,83,8.3,248,351,non_motor,0.59
337,84,8.4,248,351,non_motor,0.6
337,85,8.5,248,351,non_motor,0.6
337,86,8.6,248,351,non_motor,0.6
337,87,8.7,248,351,non_motor,0.56
337,88,8.8,248,351,non_motor,0.57
337,89,8.9,248,351,non_motor,0.52
337,90,9.0,248,351,non_motor,0.53
337,91,9.1,248,351,non_motor,0.54
337,92,9.2,249,351,non_motor,0.5
337,93,9.3,248,351,non_motor,0.58
337,94,9.4,249,351,non_motor,0.6
337,95,9.5,249,351,non_motor,0.58
337,96,9.6,250,351,non_motor,0.5
337,97,9.7,251,349,non_motor,0.58
337,98,9.8,251,348,non_motor,0.49
337,99,9.9,251,348,non_motor,0.42
337,100,10.0,251,348,non_motor,0.46
337,101,10.1,251,349,non_motor,0.5
337,102,10.2,251,349,non_motor,0.54
337,103,10.3,251,349,non_motor,0.54
337,104,10.4,251,349,non_motor,0.58
337,105,10.5,251,349,non_motor,0.57
337,106,10.6,251,349,non_motor,0.56
337,107,10.7,250,349,non_motor,0.57
337,108,10.8,250,349,non_motor,0.57
337,109,10.9,251,349,non_motor,0.62
337,110,11.0,251,349,non_motor,0.65
337,111,11.1,251,349,non_motor,0.64
337,112,11.2,251,349,non_motor,0.62
337,113,11.3,251,349,non_motor,0.57
337,114,11.4,251,348,non_motor,0.6
337,115,11.5,251,348,non_motor,0.66
337,116,11.6,251,349,non_motor,0.65
337,117,11.7,251,349,non_motor,0.63
337,118,11.8,251,349,non_motor,0.62
337,119,11.9,251,350,non_motor,0.62
337,120,12.0,250,350,non_motor,0.64
337,121,12.1,251,350,non_motor,0.64
337,122,12.2,252,349,non_motor,0.63
337,123,12.3,251,350,non_motor,0.62
337,124,12.4,251,351,non_motor,0.63
337,125,12.5,251,350,non_motor,0.63
337,126,12.6,252,350,non_motor,0.64
337,127,12.7,252,350,non_motor,0.65
337,128,12.8,252,349,non_motor,0.67
337,129,12.9,252,349,non_motor,0.65
337,130,13.0,252,349,non_motor,0.64
337,131,13.1,251,349,non_motor,0.66
337,132,13.2,251,349,non_motor,0.68
337,133,13.3,251,349,non_motor,0.67
337,134,13.4,251,349,non_motor,0.7
337,135,13.5,251,349,non_motor,0.64
338,76,7.6,685,385,non_motor,0.8
338,77,7.7,683,384,non_motor,0.81
338,78,7.8,683,384,non_motor,0.81
338,79,7.9,683,384,non_motor,0.77
338,80,8.0,682,385,non_motor,0.87
338,81,8.1,681,384,non_motor,0.87
338,82,8.2,681,383,non_motor,0.87
338,83,8.3,681,383,non_motor,0.87
338,84,8.4,681,383,non_motor,0.86
338,85,8.5,681,383,non_motor,0.83
338,86,8.6,681,383,non_motor,0.84
338,87,8.7,681,383,non_motor,0.85
338,88,8.8,681,383,non_motor,0.85
338,89,8.9,681,383,non_motor,0.81
338,90,9.0,682,383,non_motor,0.81
338,91,9.1,682,383,non_motor,0.8
338,92,9.2,682,383,non_motor,0.77
338,93,9.3,682,383,non_motor,0.77
338,94,9.4,681,384,non_motor,0.78
338,95,9.5,678,383,non_motor,0.76
338,96,9.6,679,383,non_motor,0.72
338,97,9.7,681,382,non_motor,0.66
338,98,9.8,681,382,non_motor,0.71
338,99,9.9,680,383,non_motor,0.75
338,100,10.0,681,382,non_motor,0.86
338,101,10.1,681,382,non_motor,0.86
338,102,10.2,681,382,non_motor,0.81
338,103,10.3,681,383,non_motor,0.79
338,104,10.4,682,383,non_motor,0.79
338,105,10.5,681,383,non_motor,0.82
338,106,10.6,681,382,non_motor,0.81
338,107,10.7,682,382,non_motor,0.87
338,108,10.8,682,382,non_motor,0.86
338,109,10.9,682,382,non_motor,0.86
338,110,11.0,682,382,non_motor,0.87
338,111,11.1,681,382,non_motor,0.89
338,112,11.2,681,382,non_motor,0.9
338,113,11.3,681,382,non_motor,0.9
338,114,11.4,681,382,non_motor,0.88
338,115,11.5,681,383,non_motor,0.88
338,116,11.6,681,383,non_motor,0.88
338,117,11.7,681,383,non_motor,0.88
338,118,11.8,681,383,non_motor,0.87
338,119,11.9,681,383,non_motor,0.88
338,120,12.0,682,382,non_motor,0.87
338,121,12.1,682,382,non_motor,0.88
338,122,12.2,682,383,non_motor,0.87
338,123,12.3,682,382,non_motor,0.86
338,124,12.4,682,382,non_motor,0.85
338,125,12.5,682,382,non_motor,0.86
338,126,12.6,682,382,non_motor,0.87
338,127,12.7,682,382,non_motor,0.87
338,128,12.8,682,382,non_motor,0.87
338,129,12.9,682,382,non_motor,0.86
338,130,13.0,682,382,non_motor,0.86
338,131,13.1,682,382,non_motor,0.85
338,132,13.2,682,382,non_motor,0.86
338,133,13.3,682,382,non_motor,0.85
338,134,13.4,682,382,non_motor,0.87
338,135,13.5,682,381,non_motor,0.87
339,1,0.1,552,165,motor,0.84
339,2,0.2,556,166,motor,0.73
339,3,0.3,562,165,motor,0.76
339,4,0.4,568,166,motor,0.92
339,5,0.5,572,163,motor,0.96
339,6,0.6,578,162,motor,0.99
339,7,0.7,582,161,motor,0.95
339,8,0.8,587,158,motor,0.92
339,9,0.9,593,155,motor,0.89
339,10,1.0,599,153,motor,0.89
339,11,1.1,605,150,motor,0.91
339,12,1.2,609,145,motor,0.75
339,13,1.3,613,142,motor,0.83
339,14,1.4,617,138,motor,0.76
339,15,1.5,622,132,motor,0.71
339,16,1.6,626,127,motor,0.84
339,17,1.7,631,120,motor,0.77
339,18,1.8,635,113,motor,0.84
339,19,1.9,638,108,motor,0.92
339,20,2.0,642,99,motor,0.88
339,21,2.1,646,91,motor,0.92
339,22,2.2,648,85,motor,0.9
339,23,2.3,649,77,motor,0.96
339,24,2.4,651,70,motor,0.96
339,25,2.5,653,61,motor,0.97
339,26,2.6,652,54,motor,0.9
339,27,2.7,653,46,motor,0.95
339,28,2.8,652,38,motor,0.86
339,29,2.9,652,31,motor,0.57
340,1,0.1,760,419,non_motor,0.76
340,2,0.2,759,419,non_motor,0.79
340,3,0.3,759,420,non_motor,0.81
340,4,0.4,759,420,non_motor,0.8
340,5,0.5,757,420,non_motor,0.8
340,6,0.6,755,420,non_motor,0.78
340,7,0.7,755,420,non_motor,0.77
340,8,0.8,755,420,non_motor,0.73
340,9,0.9,755,420,non_motor,0.72
340,10,1.0,753,419,non_motor,0.68
340,11,1.1,752,419,non_motor,0.58
340,12,1.2,754,419,non_motor,0.38
340,13,1.3,754,420,non_motor,0.46
340,14,1.4,751,422,non_motor,0.5
340,27,2.7,748,426,non_motor,0.5
340,28,2.8,746,423,non_motor,0.57
340,29,2.9,748,422,non_motor,0.52
341,76,7.6,233,314,non_motor,0.62
341,77,7.7,234,314,non_motor,0.61
341,78,7.8,237,313,non_motor,0.28
341,79,7.9,238,313,non_motor,0.38
341,80,8.0,239,313,non_motor,0.52
341,81,8.1,240,313,non_motor,0.58
341,82,8.2,242,312,non_motor,0.67
341,83,8.3,242,313,non_motor,0.66
341,84,8.4,242,313,non_motor,0.68
341,85,8.5,242,312,non_motor,0.7
341,86,8.6,242,312,non_motor,0.67
341,87,8.7,242,312,non_motor,0.69
341,88,8.8,242,312,non_motor,0.7
341,89,8.9,243,312,non_motor,0.74
341,90,9.0,243,312,non_motor,0.71
341,91,9.1,243,312,non_motor,0.72
341,92,9.2,243,312,non_motor,0.73
341,93,9.3,243,311,non_motor,0.66
341,94,9.4,242,312,non_motor,0.65
341,95,9.5,242,312,non_motor,0.7
341,96,9.6,243,311,non_motor,0.71
341,97,9.7,243,311,non_motor,0.68
341,98,9.8,243,311,non_motor,0.65
341,99,9.9,243,311,non_motor,0.69
341,100,10.0,243,311,non_motor,0.72
341,101,10.1,243,311,non_motor,0.72
341,102,10.2,243,311,non_motor,0.72
341,103,10.3,243,311,non_motor,0.72
341,104,10.4,243,311,non_motor,0.71
341,105,10.5,243,311,non_motor,0.69
341,106,10.6,243,311,non_motor,0.69
341,107,10.7,243,311,non_motor,0.72
341,108,10.8,243,311,non_motor,0.72
341,109,10.9,243,311,non_motor,0.73
341,110,11.0,243,311,non_motor,0.7
341,111,11.1,243,311,non_motor,0.72
341,112,11.2,243,312,non_motor,0.71
341,113,11.3,243,312,non_motor,0.71
341,114,11.4,243,312,non_motor,0.7
341,115,11.5,243,312,non_motor,0.71
341,116,11.6,244,312,non_motor,0.7
341,117,11.7,244,312,non_motor,0.75
341,118,11.8,244,311,non_motor,0.76
341,119,11.9,244,312,non_motor,0.74
341,120,12.0,244,312,non_motor,0.72
341,121,12.1,244,312,non_motor,0.68
341,122,12.2,244,312,non_motor,0.66
341,123,12.3,244,312,non_motor,0.75
341,124,12.4,244,312,non_motor,0.73
341,125,12.5,244,312,non_motor,0.72
341,126,12.6,244,312,non_motor,0.7
341,127,12.7,244,312,non_motor,0.76
341,128,12.8,244,312,non_motor,0.77
341,129,12.9,245,312,non_motor,0.82
341,130,13.0,245,311,non_motor,0.84
341,131,13.1,245,311,non_motor,0.85
341,132,13.2,245,311,non_motor,0.84
341,133,13.3,244,311,non_motor,0.81
341,134,13.4,244,311,non_motor,0.82
341,135,13.5,244,311,non_motor,0.79
342,1,0.1,203,177,non_motor,0.6
342,2,0.2,203,178,non_motor,0.62
342,3,0.3,203,178,non_motor,0.57
342,4,0.4,203,177,non_motor,0.55
342,5,0.5,203,178,non_motor,0.52
342,6,0.6,203,178,non_motor,0.58
342,7,0.7,203,178,non_motor,0.5
342,8,0.8,203,178,non_motor,0.5
342,9,0.9,202,178,non_motor,0.48
342,10,1.0,203,178,non_motor,0.42
342,11,1.1,203,178,non_motor,0.44
342,12,1.2,203,177,non_motor,0.38
342,13,1.3,203,177,non_motor,0.41
342,14,1.4,203,177,non_motor,0.42
342,15,1.5,203,177,non_motor,0.48
342,16,1.6,202,177,non_motor,0.61
342,17,1.7,201,177,non_motor,0.53
342,18,1.8,200,177,non_motor,0.58
342,19,1.9,200,176,non_motor,0.5
342,20,2.0,200,176,non_motor,0.49
342,21,2.1,200,176,non_motor,0.52
342,22,2.2,200,176,non_motor,0.41
342,23,2.3,199,176,non_motor,0.38
342,24,2.4,199,177,non_motor,0.35
342,25,2.5,200,177,non_motor,0.4
342,26,2.6,200,177,non_motor,0.44
342,27,2.7,201,177,non_motor,0.39
342,28,2.8,202,176,non_motor,0.36
342,29,2.9,204,177,non_motor,0.37
342,30,3.0,205,178,non_motor,0.48
343,76,7.6,616,309,motor,0.95
343,77,7.7,620,308,motor,0.88
343,78,7.8,624,309,motor,0.91
343,79,7.9,628,309,motor,0.89
343,80,8.0,631,308,motor,0.85
343,81,8.1,635,308,motor,0.96
343,82,8.2,638,308,motor,0.96
343,83,8.3,642,308,motor,0.92
343,84,8.4,646,309,motor,0.96
343,85,8.5,651,309,motor,0.97
343,86,8.6,654,309,motor,0.96
343,87,8.7,658,309,motor,0.95
343,88,8.8,661,309,motor,0.97
343,89,8.9,664,310,motor,0.96
343,90,9.0,668,309,motor,0.89
343,91,9.1,671,310,motor,0.94
343,92,9.2,674,310,motor,0.95
343,93,9.3,677,310,motor,0.94
343,94,9.4,681,310,motor,0.92
343,95,9.5,683,311,motor,0.93
343,96,9.6,686,312,motor,0.95
343,97,9.7,688,312,motor,0.93
343,98,9.8,691,311,motor,0.94
343,99,9.9,694,312,motor,0.91
343,100,10.0,697,312,motor,0.96
343,101,10.1,699,313,motor,0.97
343,102,10.2,702,312,motor,0.98
343,103,10.3,704,312,motor,0.98
343,104,10.4,706,311,motor,0.97
343,105,10.5,708,311,motor,0.98
343,106,10.6,709,311,motor,0.97
343,107,10.7,711,312,motor,0.98
343,108,10.8,712,311,motor,0.98
343,109,10.9,713,312,motor,0.98
343,110,11.0,715,312,motor,0.97
343,111,11.1,717,312,motor,0.91
343,112,11.2,718,312,motor,0.9
343,113,11.3,719,312,motor,0.91
343,114,11.4,720,313,motor,0.92
343,115,11.5,722,313,motor,0.91
343,116,11.6,723,313,motor,0.94
343,117,11.7,723,313,motor,0.94
343,118,11.8,724,313,motor,0.95
343,119,11.9,725,314,motor,0.92
343,120,12.0,725,314,motor,0.89
343,121,12.1,726,314,motor,0.92
343,122,12.2,727,314,motor,0.91
343,123,12.3,729,314,motor,0.92
343,124,12.4,729,314,motor,0.94
343,125,12.5,730,314,motor,0.94
343,126,12.6,732,313,motor,0.94
343,127,12.7,733,313,motor,0.93
343,128,12.8,735,313,motor,0.94
343,129,12.9,736,313,motor,0.94
343,130,13.0,737,313,motor,0.93
343,131,13.1,738,313,motor,0.93
343,132,13.2,740,313,motor,0.92
343,133,13.3,741,313,motor,0.92
343,134,13.4,742,313,motor,0.94
343,135,13.5,744,313,motor,0.94
344,1,0.1,170,268,non_motor,0.78
344,2,0.2,171,269,non_motor,0.82
344,3,0.3,171,274,non_motor,0.45
344,4,0.4,172,279,non_motor,0.31
344,5,0.5,173,279,non_motor,0.41
344,7,0.7,174,280,non_motor,0.37
344,8,0.8,175,283,non_motor,0.29
344,9,0.9,177,284,non_motor,0.4
344,10,1.0,180,288,non_motor,0.48
344,11,1.1,181,290,non_motor,0.39
344,12,1.2,182,293,non_motor,0.28
344,13,1.3,184,297,non_motor,0.52
344,14,1.4,186,299,non_motor,0.79
344,15,1.5,187,304,non_motor,0.7
344,16,1.6,187,309,non_motor,0.68
344,17,1.7,187,313,non_motor,0.69
344,18,1.8,187,316,non_motor,0.64
344,19,1.9,188,320,non_motor,0.89
344,20,2.0,189,324,non_motor,0.88
344,21,2.1,189,330,non_motor,0.72
344,22,2.2,189,334,non_motor,0.82
344,23,2.3,190,338,non_motor,0.72
344,24,2.4,191,342,non_motor,0.9
344,25,2.5,192,346,non_motor,0.84
344,26,2.6,192,351,non_motor,0.72
344,27,2.7,193,354,non_motor,0.73
344,28,2.8,195,358,non_motor,0.4
344,29,2.9,197,362,non_motor,0.29
344,30,3.0,200,366,non_motor,0.6
344,31,3.1,201,372,non_motor,0.66
344,32,3.2,197,378,non_motor,0.83
344,33,3.3,196,379,non_motor,0.75
344,34,3.4,204,383,non_motor,0.53
344,35,3.5,209,386,non_motor,0.76
344,36,3.6,212,392,non_motor,0.59
344,37,3.7,215,396,non_motor,0.63
344,38,3.8,216,400,non_motor,0.28
344,40,4.0,221,405,non_motor,0.5
344,44,4.4,227,426,non_motor,0.45
344,45,4.5,227,432,non_motor,0.57
344,46,4.6,227,437,non_motor,0.55
344,47,4.7,228,441,non_motor,0.3
345,36,3.6,453,167,motor,0.76
345,37,3.7,456,169,motor,0.85
345,38,3.8,459,171,motor,0.9
345,39,3.9,464,172,motor,0.91
345,40,4.0,468,175,motor,0.96
345,41,4.1,472,177,motor,0.99
345,42,4.2,476,180,motor,0.97
345,43,4.3,481,180,motor,0.97
345,44,4.4,485,180,motor,0.99
345,45,4.5,488,180,motor,0.98
345,46,4.6,493,180,motor,0.97
345,47,4.7,496,180,motor,0.99
345,48,4.8,500,180,motor,0.96
345,49,4.9,504,180,motor,0.96
345,50,5.0,509,180,motor,0.99
345,51,5.1,512,180,motor,0.98
345,52,5.2,516,179,motor,0.97
345,53,5.3,519,179,motor,0.99
345,54,5.4,523,175,motor,0.97
345,55,5.5,527,173,motor,0.97
345,56,5.6,530,173,motor,0.98
345,57,5.7,534,173,motor,0.96
345,58,5.8,537,173,motor,0.95
345,59,5.9,541,173,motor,0.98
345,60,6.0,544,173,motor,0.98
345,61,6.1,548,171,motor,0.91
345,62,6.2,552,171,motor,0.91
345,63,6.3,557,169,motor,0.97
345,64,6.4,559,167,motor,0.97
345,65,6.5,563,166,motor,0.98
345,66,6.6,565,164,motor,0.98
345,67,6.7,569,162,motor,0.95
345,68,6.8,573,160,motor,0.98
345,69,6.9,575,157,motor,0.97
345,70,7.0,578,154,motor,0.97
345,71,7.1,580,152,motor,0.92
345,72,7.2,583,149,motor,0.83
345,73,7.3,585,147,motor,0.93
345,74,7.4,588,143,motor,0.97
345,75,7.5,589,140,motor,0.97
345,76,7.6,591,138,motor,0.96
345,77,7.7,594,134,motor,0.98
345,78,7.8,595,130,motor,0.98
345,79,7.9,597,126,motor,0.97
345,80,8.0,599,122,motor,0.99
345,81,8.1,601,118,motor,0.98
345,82,8.2,602,114,motor,1.0
345,83,8.3,604,108,motor,0.99
345,84,8.4,606,103,motor,1.0
345,85,8.5,608,97,motor,0.96
345,86,8.6,611,90,motor,0.98
345,87,8.7,613,83,motor,1.0
345,88,8.8,614,78,motor,0.99
345,89,8.9,616,71,motor,0.99
345,90,9.0,617,64,motor,0.99
345,91,9.1,618,57,motor,0.99
345,92,9.2,619,50,motor,0.98
345,93,9.3,618,41,motor,0.96
345,94,9.4,620,33,motor,0.9
345,95,9.5,621,26,motor,0.39
346,1,0.1,75,306,non_motor,0.36
346,2,0.2,76,306,non_motor,0.34
346,3,0.3,78,306,non_motor,0.3
346,4,0.4,79,306,non_motor,0.29
346,5,0.5,79,306,non_motor,0.36
346,6,0.6,80,306,non_motor,0.29
346,10,1.0,83,302,non_motor,0.31
353,2,0.2,214,74,non_motor,0.48
354,3,0.3,126,231,non_motor,0.47
354,4,0.4,126,233,non_motor,0.51
354,5,0.5,126,232,non_motor,0.27
356,3,0.3,777,422,non_motor,0.32
356,4,0.4,776,422,non_motor,0.29
359,4,0.4,285,414,non_motor,0.43
359,5,0.5,284,415,non_motor,0.31
365,6,0.6,213,94,non_motor,0.56
365,7,0.7,214,103,non_motor,0.43
365,8,0.8,214,108,non_motor,0.41
365,9,0.9,213,113,non_motor,0.41
365,10,1.0,213,116,non_motor,0.3
365,12,1.2,213,124,non_motor,0.33
365,13,1.3,213,126,non_motor,0.38
365,15,1.5,212,129,non_motor,0.44
365,16,1.6,211,133,non_motor,0.32
365,17,1.7,210,135,non_motor,0.35
365,18,1.8,210,140,non_motor,0.39
365,19,1.9,210,143,non_motor,0.59
365,20,2.0,209,144,non_motor,0.47
365,21,2.1,209,147,non_motor,0.44
365,22,2.2,209,150,non_motor,0.36
365,23,2.3,209,149,non_motor,0.4
365,24,2.4,209,152,non_motor,0.38
365,25,2.5,209,154,non_motor,0.3
368,7,0.7,286,29,motor,0.79
368,8,0.8,286,38,motor,0.88
368,9,0.9,287,48,motor,0.98
368,10,1.0,287,58,motor,0.98
368,11,1.1,288,69,motor,0.99
369,7,0.7,458,304,non_motor,0.34
369,8,0.8,458,304,non_motor,0.38
369,9,0.9,458,304,non_motor,0.38
369,10,1.0,458,304,non_motor,0.35
369,11,1.1,458,304,non_motor,0.37
369,12,1.2,458,304,non_motor,0.34
369,13,1.3,458,304,non_motor,0.29
369,14,1.4,459,304,non_motor,0.28
369,29,2.9,460,304,non_motor,0.27
369,30,3.0,460,304,non_motor,0.29
369,31,3.1,460,303,non_motor,0.36
373,76,7.6,84,338,motor,0.99
373,77,7.7,87,338,motor,1.0
373,78,7.8,89,337,motor,1.0
373,79,7.9,91,337,motor,0.99
373,80,8.0,93,336,motor,0.98
373,81,8.1,96,336,motor,0.99
373,82,8.2,97,335,motor,0.99
373,83,8.3,98,336,motor,0.99
373,84,8.4,98,335,motor,0.99
373,85,8.5,98,335,motor,0.99
373,86,8.6,97,335,motor,0.99
373,87,8.7,97,335,motor,0.99
373,88,8.8,98,335,motor,0.99
373,89,8.9,97,335,motor,0.99
373,90,9.0,98,335,motor,0.99
373,91,9.1,98,334,motor,0.99
373,92,9.2,98,334,motor,0.99
373,93,9.3,97,334,motor,0.99
373,94,9.4,97,335,motor,0.99
373,95,9.5,97,335,motor,0.99
373,96,9.6,98,335,motor,0.99
373,97,9.7,100,335,motor,0.99
373,98,9.8,99,334,motor,0.99
373,99,9.9,99,334,motor,0.99
373,100,10.0,99,335,motor,1.0
373,101,10.1,99,335,motor,1.0
373,102,10.2,99,335,motor,1.0
373,103,10.3,99,335,motor,1.0
373,104,10.4,98,335,motor,1.0
373,105,10.5,98,335,motor,1.0
373,106,10.6,98,335,motor,1.0
373,107,10.7,98,335,motor,1.0
373,108,10.8,98,335,motor,1.0
373,109,10.9,98,335,motor,1.0
373,110,11.0,98,335,motor,1.0
373,111,11.1,98,335,motor,1.0
373,112,11.2,98,335,motor,1.0
373,113,11.3,98,335,motor,1.0
373,114,11.4,98,335,motor,1.0
373,115,11.5,98,335,motor,1.0
373,116,11.6,98,335,motor,1.0
373,117,11.7,99,335,motor,1.0
373,118,11.8,99,336,motor,1.0
373,119,11.9,99,336,motor,1.0
373,120,12.0,99,336,motor,1.0
373,121,12.1,99,336,motor,1.0
373,122,12.2,99,336,motor,1.0
373,123,12.3,99,336,motor,1.0
373,124,12.4,99,335,motor,1.0
373,125,12.5,99,335,motor,1.0
373,126,12.6,99,335,motor,1.0
373,127,12.7,99,335,motor,1.0
373,128,12.8,99,335,motor,1.0
373,129,12.9,100,335,motor,1.0
373,130,13.0,99,335,motor,1.0
373,131,13.1,99,335,motor,1.0
373,132,13.2,99,334,motor,1.0
373,133,13.3,99,334,motor,1.0
373,134,13.4,99,334,motor,1.0
373,135,13.5,99,334,motor,1.0
374,11,1.1,138,238,non_motor,0.49
374,12,1.2,143,235,non_motor,0.48
374,13,1.3,146,234,non_motor,0.45
374,14,1.4,146,231,non_motor,0.36
374,15,1.5,145,228,non_motor,0.32
374,16,1.6,145,227,non_motor,0.31
374,17,1.7,144,226,non_motor,0.55
374,18,1.8,144,225,non_motor,0.66
374,19,1.9,144,223,non_motor,0.64
374,20,2.0,144,222,non_motor,0.47
374,21,2.1,144,219,non_motor,0.38
374,22,2.2,144,218,non_motor,0.29
374,23,2.3,145,216,non_motor,0.5
374,24,2.4,145,216,non_motor,0.51
374,25,2.5,145,214,non_motor,0.32
375,76,7.6,242,257,non_motor,0.94
375,77,7.7,244,258,non_motor,0.96
375,78,7.8,245,257,non_motor,0.94
375,79,7.9,246,257,non_motor,0.94
375,80,8.0,248,256,non_motor,0.95
375,81,8.1,249,256,non_motor,0.9
375,82,8.2,249,256,non_motor,0.86
375,83,8.3,249,256,non_motor,0.91
375,84,8.4,249,256,non_motor,0.89
375,85,8.5,249,256,non_motor,0.89
375,86,8.6,249,256,non_motor,0.83
375,87,8.7,250,256,non_motor,0.81
375,88,8.8,250,256,non_motor,0.82
375,89,8.9,250,255,non_motor,0.71
375,90,9.0,250,255,non_motor,0.78
375,91,9.1,250,255,non_motor,0.76
375,92,9.2,250,255,non_motor,0.79
375,93,9.3,250,255,non_motor,0.76
375,94,9.4,250,255,non_motor,0.8
375,95,9.5,250,255,non_motor,0.8
375,96,9.6,251,256,non_motor,0.72
375,97,9.7,252,256,non_motor,0.78
375,98,9.8,253,256,non_motor,0.81
375,99,9.9,252,256,non_motor,0.76
375,100,10.0,251,256,non_motor,0.87
375,101,10.1,251,255,non_motor,0.88
375,102,10.2,251,255,non_motor,0.88
375,103,10.3,251,255,non_motor,0.89
375,104,10.4,251,255,non_motor,0.89
375,105,10.5,251,255,non_motor,0.86
375,106,10.6,251,256,non_motor,0.88
375,107,10.7,251,256,non_motor,0.88
375,108,10.8,251,256,non_motor,0.86
375,109,10.9,252,256,non_motor,0.87
375,110,11.0,252,256,non_motor,0.88
375,111,11.1,252,256,non_motor,0.91
375,112,11.2,252,256,non_motor,0.93
375,113,11.3,252,256,non_motor,0.91
375,114,11.4,252,256,non_motor,0.93
375,115,11.5,252,257,non_motor,0.94
375,116,11.6,252,257,non_motor,0.94
375,117,11.7,252,257,non_motor,0.94
375,118,11.8,252,257,non_motor,0.95
375,119,11.9,252,257,non_motor,0.95
375,120,12.0,252,257,non_motor,0.93
375,121,12.1,252,257,non_motor,0.94
375,122,12.2,252,257,non_motor,0.95
375,123,12.3,253,257,non_motor,0.93
375,124,12.4,253,256,non_motor,0.92
375,125,12.5,253,256,non_motor,0.93
375,126,12.6,253,256,non_motor,0.91
375,127,12.7,253,256,non_motor,0.91
375,128,12.8,253,256,non_motor,0.9
375,129,12.9,253,256,non_motor,0.88
375,130,13.0,253,256,non_motor,0.87
375,131,13.1,252,255,non_motor,0.87
375,132,13.2,251,255,non_motor,0.87
375,133,13.3,251,255,non_motor,0.89
375,134,13.4,251,255,non_motor,0.88
375,135,13.5,251,256,non_motor,0.92
308,12,1.2,289,82,motor,0.98
308,13,1.3,289,90,motor,0.99
308,14,1.4,290,100,motor,0.99
308,15,1.5,291,110,motor,0.98
308,16,1.6,291,121,motor,0.98
308,17,1.7,290,132,motor,0.99
308,18,1.8,290,144,motor,0.99
308,19,1.9,291,155,motor,0.96
308,20,2.0,291,167,motor,0.88
308,21,2.1,291,178,motor,0.96
308,22,2.2,291,190,motor,0.95
308,23,2.3,292,201,motor,0.96
308,24,2.4,292,213,motor,0.94
308,25,2.5,292,225,motor,0.98
308,26,2.6,293,237,motor,0.97
308,27,2.7,293,249,motor,0.94
308,28,2.8,294,261,motor,0.89
308,29,2.9,296,272,motor,0.95
308,30,3.0,297,284,motor,0.96
308,31,3.1,299,297,motor,0.8
308,32,3.2,301,307,motor,0.96
308,33,3.3,302,319,motor,0.91
308,34,3.4,303,330,motor,0.93
308,35,3.5,304,342,motor,0.79
308,36,3.6,305,351,motor,0.92
308,37,3.7,306,362,motor,0.89
308,38,3.8,307,372,motor,0.88
308,39,3.9,308,382,motor,0.86
308,40,4.0,310,391,motor,0.95
308,41,4.1,310,400,motor,0.92
308,42,4.2,312,411,motor,0.97
308,43,4.3,313,420,motor,0.96
308,44,4.4,314,430,motor,0.98
308,45,4.5,315,439,motor,0.99
308,46,4.6,315,449,motor,0.97
308,47,4.7,316,459,motor,0.96
308,48,4.8,317,468,motor,0.93
308,49,4.9,318,478,motor,0.98
308,50,5.0,318,486,motor,0.97
308,51,5.1,319,486,motor,0.97
308,52,5.2,321,486,motor,0.75
308,53,5.3,321,486,motor,0.59
308,54,5.4,322,486,motor,0.59
381,76,7.6,703,382,non_motor,0.68
381,77,7.7,701,381,non_motor,0.62
381,78,7.8,700,382,non_motor,0.76
381,79,7.9,700,382,non_motor,0.71
381,80,8.0,699,382,non_motor,0.66
381,81,8.1,698,382,non_motor,0.52
381,82,8.2,697,383,non_motor,0.5
381,83,8.3,697,382,non_motor,0.64
381,84,8.4,697,382,non_motor,0.64
381,85,8.5,697,382,non_motor,0.62
381,86,8.6,697,382,non_motor,0.62
381,87,8.7,698,383,non_motor,0.55
381,88,8.8,699,379,non_motor,0.57
381,89,8.9,699,378,non_motor,0.54
381,90,9.0,699,378,non_motor,0.52
381,91,9.1,699,378,non_motor,0.44
381,92,9.2,699,377,non_motor,0.37
381,93,9.3,699,377,non_motor,0.38
381,94,9.4,699,378,non_motor,0.51
381,95,9.5,700,378,non_motor,0.49
381,96,9.6,700,378,non_motor,0.32
381,97,9.7,699,378,non_motor,0.36
381,98,9.8,699,378,non_motor,0.38
381,99,9.9,699,378,non_motor,0.3
381,100,10.0,700,382,non_motor,0.49
381,101,10.1,701,384,non_motor,0.46
381,102,10.2,702,385,non_motor,0.36
381,103,10.3,702,386,non_motor,0.33
381,104,10.4,702,387,non_motor,0.35
381,105,10.5,702,387,non_motor,0.34
381,106,10.6,702,386,non_motor,0.34
381,107,10.7,702,385,non_motor,0.38
381,108,10.8,702,385,non_motor,0.35
381,109,10.9,701,385,non_motor,0.31
381,110,11.0,701,385,non_motor,0.28
381,111,11.1,702,386,non_motor,0.3
381,112,11.2,701,386,non_motor,0.36
381,113,11.3,702,387,non_motor,0.37
381,114,11.4,702,387,non_motor,0.37
381,115,11.5,702,387,non_motor,0.4
381,116,11.6,702,386,non_motor,0.41
381,117,11.7,701,386,non_motor,0.42
381,118,11.8,700,386,non_motor,0.42
381,119,11.9,700,386,non_motor,0.41
381,120,12.0,700,385,non_motor,0.48
381,121,12.1,700,385,non_motor,0.51
381,122,12.2,700,385,non_motor,0.57
381,123,12.3,700,385,non_motor,0.56
381,124,12.4,700,385,non_motor,0.55
381,125,12.5,700,385,non_motor,0.57
381,126,12.6,700,385,non_motor,0.54
381,127,12.7,701,385,non_motor,0.58
381,128,12.8,701,386,non_motor,0.62
381,129,12.9,701,387,non_motor,0.58
381,130,13.0,700,385,non_motor,0.61
381,131,13.1,699,382,non_motor,0.61
381,132,13.2,699,381,non_motor,0.59
381,133,13.3,699,380,non_motor,0.58
381,134,13.4,699,380,non_motor,0.67
381,135,13.5,699,380,non_motor,0.66
384,16,1.6,214,49,non_motor,0.59
384,17,1.7,214,53,non_motor,0.43
384,18,1.8,213,58,non_motor,0.59
384,19,1.9,213,66,non_motor,0.56
384,20,2.0,213,70,non_motor,0.66
384,21,2.1,213,76,non_motor,0.74
384,22,2.2,213,82,non_motor,0.72
384,23,2.3,212,86,non_motor,0.73
384,24,2.4,212,90,non_motor,0.49
384,25,2.5,212,95,non_motor,0.36
384,27,2.7,213,105,non_motor,0.27
391,76,7.6,671,387,non_motor,0.8
391,77,7.7,669,383,non_motor,0.79
391,78,7.8,668,381,non_motor,0.8
391,79,7.9,668,381,non_motor,0.82
391,80,8.0,666,381,non_motor,0.81
391,81,8.1,665,382,non_motor,0.86
391,82,8.2,664,382,non_motor,0.85
391,83,8.3,665,381,non_motor,0.84
391,84,8.4,665,381,non_motor,0.83
391,85,8.5,665,381,non_motor,0.79
391,86,8.6,666,381,non_motor,0.79
391,87,8.7,667,381,non_motor,0.79
391,88,8.8,667,381,non_motor,0.8
391,89,8.9,667,381,non_motor,0.79
391,90,9.0,668,380,non_motor,0.77
391,91,9.1,668,380,non_motor,0.78
391,92,9.2,667,380,non_motor,0.78
391,93,9.3,667,380,non_motor,0.8
391,94,9.4,668,381,non_motor,0.76
391,95,9.5,668,381,non_motor,0.78
391,96,9.6,668,381,non_motor,0.77
391,97,9.7,667,381,non_motor,0.79
391,98,9.8,667,381,non_motor,0.78
391,99,9.9,667,381,non_motor,0.77
391,100,10.0,668,380,non_motor,0.87
391,101,10.1,668,380,non_motor,0.85
391,102,10.2,668,381,non_motor,0.83
391,103,10.3,668,381,non_motor,0.82
391,104,10.4,668,381,non_motor,0.8
391,105,10.5,668,381,non_motor,0.83
391,106,10.6,667,381,non_motor,0.82
391,107,10.7,667,380,non_motor,0.85
391,108,10.8,667,380,non_motor,0.83
391,109,10.9,667,380,non_motor,0.82
391,110,11.0,667,381,non_motor,0.82
391,111,11.1,667,381,non_motor,0.83
391,112,11.2,667,381,non_motor,0.83
391,113,11.3,667,381,non_motor,0.83
391,114,11.4,667,381,non_motor,0.81
391,115,11.5,667,381,non_motor,0.8
391,116,11.6,667,381,non_motor,0.81
391,117,11.7,667,381,non_motor,0.8
391,118,11.8,667,381,non_motor,0.8
391,119,11.9,667,381,non_motor,0.81
391,120,12.0,667,381,non_motor,0.81
391,121,12.1,667,381,non_motor,0.82
391,122,12.2,667,381,non_motor,0.81
391,123,12.3,667,381,non_motor,0.81
391,124,12.4,668,381,non_motor,0.81
391,125,12.5,668,381,non_motor,0.82
391,126,12.6,668,381,non_motor,0.83
391,127,12.7,668,381,non_motor,0.81
391,128,12.8,668,381,non_motor,0.81
391,129,12.9,668,381,non_motor,0.79
391,130,13.0,668,381,non_motor,0.78
391,131,13.1,668,381,non_motor,0.77
391,132,13.2,668,381,non_motor,0.77
391,133,13.3,668,381,non_motor,0.78
391,134,13.4,668,380,non_motor,0.78
391,135,13.5,668,380,non_motor,0.79
393,28,2.8,725,437,non_motor,0.4
393,29,2.9,727,433,non_motor,0.68
397,30,3.0,285,413,non_motor,0.55
397,31,3.1,289,412,non_motor,0.41
397,33,3.3,291,408,non_motor,0.38
397,38,3.8,298,403,non_motor,0.58
397,48,4.8,310,393,non_motor,0.46
397,49,4.9,311,393,non_motor,0.33
397,50,5.0,311,393,non_motor,0.36
397,51,5.1,312,393,non_motor,0.44
402,76,7.6,441,183,motor,0.9
402,77,7.7,443,185,motor,0.91
402,78,7.8,445,187,motor,0.93
402,79,7.9,447,189,motor,0.94
402,80,8.0,449,190,motor,0.92
402,81,8.1,450,192,motor,0.91
402,82,8.2,451,193,motor,0.91
402,83,8.3,452,194,motor,0.95
402,84,8.4,454,195,motor,0.95
402,85,8.5,456,196,motor,0.96
402,86,8.6,457,197,motor,0.97
402,87,8.7,459,198,motor,0.98
402,88,8.8,461,199,motor,0.96
402,89,8.9,463,200,motor,0.97
402,90,9.0,464,201,motor,0.96
402,91,9.1,467,202,motor,0.98
402,92,9.2,469,203,motor,0.99
402,93,9.3,470,205,motor,0.99
402,94,9.4,471,206,motor,0.99
402,95,9.5,473,207,motor,0.99
402,96,9.6,475,208,motor,0.99
402,97,9.7,477,209,motor,0.99
402,98,9.8,478,210,motor,0.98
402,99,9.9,479,210,motor,0.98
402,100,10.0,481,212,motor,0.99
402,101,10.1,483,213,motor,0.99
402,102,10.2,484,214,motor,0.99
402,103,10.3,486,214,motor,1.0
402,104,10.4,488,215,motor,1.0
402,105,10.5,489,215,motor,1.0
402,106,10.6,490,216,motor,1.0
402,107,10.7,492,216,motor,1.0
402,108,10.8,492,216,motor,0.99
402,109,10.9,493,218,motor,0.99
402,110,11.0,495,219,motor,0.99
402,111,11.1,497,219,motor,0.98
402,112,11.2,499,220,motor,0.97
402,113,11.3,500,219,motor,0.95
402,114,11.4,501,219,motor,0.95
402,115,11.5,504,219,motor,0.97
402,116,11.6,506,219,motor,0.99
402,117,11.7,508,220,motor,0.99
402,118,11.8,510,219,motor,0.99
402,119,11.9,511,219,motor,0.99
402,120,12.0,513,218,motor,0.99
402,121,12.1,515,218,motor,0.99
402,122,12.2,516,218,motor,0.97
402,123,12.3,518,218,motor,0.98
402,124,12.4,520,218,motor,0.98
402,125,12.5,522,218,motor,0.98
402,126,12.6,523,217,motor,0.98
402,127,12.7,526,217,motor,0.95
402,128,12.8,528,217,motor,0.98
402,129,12.9,530,216,motor,0.99
402,130,13.0,532,216,motor,0.99
402,131,13.1,535,216,motor,0.99
402,132,13.2,537,216,motor,0.98
402,133,13.3,540,216,motor,0.97
402,134,13.4,541,215,motor,0.97
402,135,13.5,543,214,motor,0.95
404,76,7.6,393,392,non_motor,0.65
404,77,7.7,394,391,non_motor,0.68
404,78,7.8,394,391,non_motor,0.64
404,79,7.9,395,391,non_motor,0.61
404,80,8.0,395,390,non_motor,0.6
404,81,8.1,396,388,non_motor,0.65
404,82,8.2,397,387,non_motor,0.63
404,83,8.3,397,387,non_motor,0.67
404,84,8.4,397,387,non_motor,0.59
404,85,8.5,397,387,non_motor,0.61
404,86,8.6,397,387,non_motor,0.55
404,87,8.7,398,388,non_motor,0.43
404,88,8.8,398,388,non_motor,0.45
404,89,8.9,398,388,non_motor,0.46
404,90,9.0,398,388,non_motor,0.47
404,91,9.1,399,388,non_motor,0.47
404,92,9.2,399,389,non_motor,0.54
404,93,9.3,399,389,non_motor,0.48
404,94,9.4,399,389,non_motor,0.55
404,95,9.5,398,389,non_motor,0.64
404,96,9.6,399,389,non_motor,0.6
404,97,9.7,399,388,non_motor,0.65
404,98,9.8,399,388,non_motor,0.58
404,99,9.9,399,388,non_motor,0.56
404,100,10.0,399,387,non_motor,0.52
404,101,10.1,399,387,non_motor,0.46
404,102,10.2,399,387,non_motor,0.46
404,103,10.3,399,387,non_motor,0.48
404,104,10.4,399,387,non_motor,0.45
404,105,10.5,399,387,non_motor,0.45
404,106,10.6,399,387,non_motor,0.5
404,107,10.7,399,387,non_motor,0.51
404,108,10.8,399,387,non_motor,0.58
404,109,10.9,399,387,non_motor,0.52
404,110,11.0,399,387,non_motor,0.62
404,111,11.1,399,387,non_motor,0.65
404,112,11.2,399,387,non_motor,0.69
404,113,11.3,399,387,non_motor,0.66
404,114,11.4,399,387,non_motor,0.68
404,115,11.5,399,387,non_motor,0.73
404,116,11.6,399,387,non_motor,0.72
404,117,11.7,399,387,non_motor,0.71
404,118,11.8,399,387,non_motor,0.71
404,119,11.9,399,387,non_motor,0.66
404,120,12.0,399,387,non_motor,0.62
404,121,12.1,399,387,non_motor,0.6
404,122,12.2,399,387,non_motor,0.6
404,123,12.3,399,387,non_motor,0.59
404,124,12.4,399,387,non_motor,0.58
404,125,12.5,399,387,non_motor,0.62
404,126,12.6,399,387,non_motor,0.63
404,127,12.7,400,387,non_motor,0.67
404,128,12.8,400,387,non_motor,0.67
404,129,12.9,399,387,non_motor,0.63
404,130,13.0,399,387,non_motor,0.62
404,131,13.1,399,387,non_motor,0.61
404,132,13.2,399,387,non_motor,0.61
404,133,13.3,399,387,non_motor,0.64
404,134,13.4,399,387,non_motor,0.66
404,135,13.5,399,387,non_motor,0.64
407,76,7.6,508,264,motor,0.95
407,77,7.7,513,266,motor,0.94
407,78,7.8,518,266,motor,0.92
407,79,7.9,523,265,motor,0.84
407,80,8.0,528,265,motor,0.88
407,81,8.1,533,265,motor,0.95
407,82,8.2,539,265,motor,0.89
407,83,8.3,545,264,motor,0.9
407,84,8.4,551,263,motor,0.85
407,85,8.5,557,263,motor,0.96
407,86,8.6,563,262,motor,0.95
407,87,8.7,569,262,motor,0.94
407,88,8.8,576,261,motor,0.93
407,89,8.9,582,261,motor,0.95
407,90,9.0,588,261,motor,0.92
407,91,9.1,593,261,motor,0.92
407,92,9.2,600,261,motor,0.93
407,93,9.3,605,261,motor,0.97
407,94,9.4,611,261,motor,0.96
407,95,9.5,617,260,motor,0.96
407,96,9.6,622,260,motor,0.96
407,97,9.7,627,260,motor,0.96
407,98,9.8,633,260,motor,0.92
407,99,9.9,639,259,motor,0.96
407,100,10.0,645,259,motor,0.96
407,101,10.1,651,259,motor,0.98
407,102,10.2,657,258,motor,0.97
407,103,10.3,663,257,motor,0.96
407,104,10.4,670,257,motor,0.91
407,105,10.5,677,257,motor,0.95
407,106,10.6,683,256,motor,0.91
407,107,10.7,690,255,motor,0.93
407,108,10.8,698,254,motor,0.94
407,109,10.9,705,254,motor,0.89
407,110,11.0,712,252,motor,0.97
407,111,11.1,720,252,motor,0.92
407,112,11.2,727,252,motor,0.95
407,113,11.3,736,251,motor,0.94
407,114,11.4,744,250,motor,0.95
407,115,11.5,751,250,motor,0.85
407,116,11.6,760,250,motor,0.91
407,117,11.7,768,249,motor,0.92
407,118,11.8,777,249,motor,0.85
407,119,11.9,785,249,motor,0.92
407,120,12.0,794,249,motor,0.96
407,121,12.1,803,249,motor,0.95
407,122,12.2,812,249,motor,0.95
407,123,12.3,820,249,motor,0.94
407,124,12.4,830,249,motor,0.96
407,125,12.5,840,249,motor,0.98
407,126,12.6,849,249,motor,0.95
407,127,12.7,858,249,motor,0.96
407,128,12.8,868,250,motor,0.97
407,129,12.9,879,250,motor,0.97
407,130,13.0,888,250,motor,0.97
407,131,13.1,898,250,motor,0.98
407,132,13.2,908,250,motor,0.97
407,133,13.3,918,250,motor,0.98
407,134,13.4,928,251,motor,0.96
407,135,13.5,933,252,motor,0.95
419,76,7.6,874,440,motor,0.97
419,77,7.7,871,438,motor,0.96
419,78,7.8,870,436,motor,0.97
419,79,7.9,869,435,motor,0.96
419,80,8.0,867,433,motor,0.95
419,81,8.1,865,432,motor,0.99
419,82,8.2,864,432,motor,0.99
419,83,8.3,865,432,motor,0.98
419,84,8.4,866,431,motor,0.98
419,85,8.5,866,431,motor,0.98
419,86,8.6,867,431,motor,0.98
419,87,8.7,868,431,motor,0.98
419,88,8.8,869,431,motor,0.98
419,89,8.9,870,431,motor,0.98
419,90,9.0,871,431,motor,0.97
419,91,9.1,871,431,motor,0.96
419,92,9.2,871,431,motor,0.95
419,93,9.3,871,431,motor,0.95
419,94,9.4,871,431,motor,0.96
419,95,9.5,872,431,motor,0.96
419,96,9.6,871,431,motor,0.96
419,97,9.7,870,430,motor,0.95
419,98,9.8,870,430,motor,0.94
419,99,9.9,871,431,motor,0.96
419,100,10.0,871,431,motor,0.93
419,101,10.1,872,431,motor,0.92
419,102,10.2,872,431,motor,0.91
419,103,10.3,872,431,motor,0.92
419,104,10.4,872,431,motor,0.92
419,105,10.5,872,431,motor,0.91
419,106,10.6,872,431,motor,0.91
419,107,10.7,872,430,motor,0.91
419,108,10.8,872,431,motor,0.91
419,109,10.9,873,431,motor,0.92
419,110,11.0,873,430,motor,0.94
419,111,11.1,873,430,motor,0.94
419,112,11.2,873,430,motor,0.96
419,113,11.3,874,429,motor,0.96
419,114,11.4,874,429,motor,0.96
419,115,11.5,874,428,motor,0.96
419,116,11.6,874,428,motor,0.96
419,117,11.7,874,428,motor,0.96
419,118,11.8,875,427,motor,0.96
419,119,11.9,875,427,motor,0.96
419,120,12.0,875,427,motor,0.95
419,121,12.1,875,426,motor,0.95
419,122,12.2,876,426,motor,0.95
419,123,12.3,876,426,motor,0.95
419,124,12.4,876,425,motor,0.95
419,125,12.5,876,425,motor,0.95
419,126,12.6,876,425,motor,0.96
419,127,12.7,876,425,motor,0.96
419,128,12.8,876,425,motor,0.96
419,129,12.9,876,425,motor,0.97
419,130,13.0,876,425,motor,0.97
419,131,13.1,876,425,motor,0.97
419,132,13.2,876,425,motor,0.97
419,133,13.3,876,424,motor,0.97
419,134,13.4,876,424,motor,0.97
419,135,13.5,875,424,motor,0.97
427,44,4.4,121,330,non_motor,0.59
427,45,4.5,122,327,non_motor,0.39
427,46,4.6,123,325,non_motor,0.38
427,47,4.7,125,323,non_motor,0.32
430,46,4.6,306,41,motor,0.89
430,47,4.7,308,48,motor,0.96
430,48,4.8,309,59,motor,0.98
430,49,4.9,311,69,motor,0.97
430,50,5.0,311,78,motor,0.97
430,51,5.1,312,88,motor,0.99
430,52,5.2,314,96,motor,0.99
430,53,5.3,314,106,motor,0.98
430,54,5.4,315,116,motor,0.99
430,55,5.5,316,126,motor,0.99
430,56,5.6,317,135,motor,0.99
430,57,5.7,317,142,motor,0.99
430,58,5.8,318,151,motor,0.99
430,59,5.9,319,159,motor,0.98
430,60,6.0,319,167,motor,0.93
430,61,6.1,319,175,motor,0.97
430,62,6.2,319,183,motor,0.98
430,63,6.3,319,191,motor,0.95
430,64,6.4,319,198,motor,0.97
430,65,6.5,320,207,motor,0.97
430,66,6.6,321,216,motor,0.95
430,67,6.7,322,224,motor,0.98
430,68,6.8,323,232,motor,0.99
430,69,6.9,323,240,motor,0.99
430,70,7.0,325,248,motor,0.99
430,71,7.1,326,256,motor,0.98
430,72,7.2,327,265,motor,0.98
430,73,7.3,327,273,motor,0.97
430,74,7.4,328,281,motor,0.96
430,75,7.5,330,290,motor,0.97
430,76,7.6,331,297,motor,0.96
430,77,7.7,333,306,motor,0.97
430,78,7.8,334,315,motor,0.96
430,79,7.9,335,324,motor,0.98
430,80,8.0,336,332,motor,0.97
430,81,8.1,337,338,motor,0.92
430,82,8.2,338,345,motor,0.96
430,83,8.3,338,354,motor,0.98
430,84,8.4,338,363,motor,0.97
430,85,8.5,339,372,motor,0.97
430,86,8.6,339,380,motor,0.96
430,87,8.7,339,388,motor,0.96
430,88,8.8,340,398,motor,0.97
430,89,8.9,340,407,motor,0.99
430,90,9.0,340,416,motor,0.99
430,91,9.1,340,424,motor,0.98
430,92,9.2,340,434,motor,1.0
430,93,9.3,341,444,motor,0.99
430,94,9.4,340,455,motor,0.99
430,95,9.5,340,464,motor,0.99
430,96,9.6,341,472,motor,0.99
430,97,9.7,342,482,motor,0.99
430,98,9.8,342,486,motor,0.97
430,99,9.9,342,486,motor,0.89
430,100,10.0,342,486,motor,0.7
430,101,10.1,342,486,motor,0.78
431,46,4.6,116,252,non_motor,0.63
431,47,4.7,120,250,non_motor,0.73
431,48,4.8,122,250,non_motor,0.83
431,49,4.9,121,250,non_motor,0.69
431,50,5.0,120,248,non_motor,0.3
431,52,5.2,114,245,non_motor,0.42
431,53,5.3,110,242,non_motor,0.36
431,54,5.4,108,241,non_motor,0.3
431,55,5.5,104,237,non_motor,0.66
431,56,5.6,102,235,non_motor,0.83
431,57,5.7,98,234,non_motor,0.72
431,58,5.8,94,234,non_motor,0.69
431,59,5.9,90,234,non_motor,0.76
431,60,6.0,85,234,non_motor,0.53
431,61,6.1,80,233,non_motor,0.82
431,62,6.2,75,233,non_motor,0.81
431,63,6.3,70,234,non_motor,0.8
431,64,6.4,63,233,non_motor,0.91
431,65,6.5,58,233,non_motor,0.69
431,66,6.6,53,233,non_motor,0.85
431,67,6.7,48,233,non_motor,0.73
431,68,6.8,43,232,non_motor,0.84
431,69,6.9,37,231,non_motor,0.84
431,70,7.0,33,232,non_motor,0.58
431,71,7.1,29,232,non_motor,0.61
431,72,7.2,26,232,non_motor,0.52
431,74,7.4,18,232,non_motor,0.44
445,76,7.6,411,117,motor,0.99
445,77,7.7,412,119,motor,0.98
445,78,7.8,412,123,motor,0.96
445,79,7.9,412,125,motor,0.97
445,80,8.0,413,127,motor,0.99
445,81,8.1,414,131,motor,0.99
445,82,8.2,414,134,motor,0.99
445,83,8.3,415,135,motor,0.97
445,84,8.4,415,136,motor,0.97
445,85,8.5,416,138,motor,0.99
445,86,8.6,416,139,motor,0.99
445,87,8.7,417,141,motor,0.99
445,88,8.8,417,142,motor,0.99
445,89,8.9,417,144,motor,0.99
445,90,9.0,419,145,motor,0.98
445,91,9.1,420,146,motor,0.98
445,92,9.2,421,148,motor,0.98
445,93,9.3,422,150,motor,0.99
445,94,9.4,423,152,motor,0.99
445,95,9.5,423,153,motor,0.99
445,96,9.6,424,154,motor,0.99
445,97,9.7,425,156,motor,0.98
445,98,9.8,425,157,motor,0.99
445,99,9.9,425,158,motor,0.99
445,100,10.0,426,160,motor,0.99
445,101,10.1,427,161,motor,0.99
445,102,10.2,427,162,motor,0.98
445,103,10.3,428,162,motor,0.98
445,104,10.4,428,162,motor,0.96
445,105,10.5,429,163,motor,0.95
445,106,10.6,430,164,motor,0.95
445,107,10.7,431,167,motor,0.96
445,108,10.8,432,168,motor,0.96
445,109,10.9,434,169,motor,0.97
445,110,11.0,435,169,motor,0.98
445,111,11.1,436,170,motor,0.95
445,112,11.2,437,171,motor,0.95
445,113,11.3,438,171,motor,0.96
445,114,11.4,438,172,motor,0.96
445,115,11.5,440,172,motor,0.95
445,116,11.6,441,173,motor,0.93
445,117,11.7,441,174,motor,0.94
445,118,11.8,442,175,motor,0.94
445,119,11.9,444,176,motor,0.97
445,120,12.0,445,177,motor,0.98
445,121,12.1,446,178,motor,0.98
445,122,12.2,446,180,motor,0.98
445,123,12.3,448,180,motor,0.97
445,124,12.4,449,182,motor,0.96
445,125,12.5,450,183,motor,0.94
445,126,12.6,452,184,motor,0.94
445,127,12.7,453,184,motor,0.93
445,128,12.8,454,185,motor,0.94
445,129,12.9,455,186,motor,0.93
445,130,13.0,456,186,motor,0.95
445,131,13.1,457,186,motor,0.97
445,132,13.2,458,187,motor,0.97
445,133,13.3,459,188,motor,0.97
445,134,13.4,460,189,motor,0.96
445,135,13.5,462,190,motor,0.96
454,56,5.6,743,401,non_motor,0.42
454,57,5.7,743,400,non_motor,0.48
454,58,5.8,742,398,non_motor,0.44
454,59,5.9,742,398,non_motor,0.37
454,60,6.0,742,397,non_motor,0.35
456,59,5.9,947,203,non_motor,0.64
456,60,6.0,945,203,non_motor,0.91
456,61,6.1,940,201,non_motor,0.67
456,62,6.2,935,201,non_motor,0.69
456,63,6.3,930,202,non_motor,0.84
456,64,6.4,925,201,non_motor,0.73
456,65,6.5,920,200,non_motor,0.75
456,66,6.6,916,200,non_motor,0.74
456,67,6.7,911,200,non_motor,0.6
456,68,6.8,905,200,non_motor,0.7
456,69,6.9,899,201,non_motor,0.57
456,70,7.0,892,201,non_motor,0.7
456,71,7.1,885,201,non_motor,0.76
456,72,7.2,879,201,non_motor,0.62
456,73,7.3,872,201,non_motor,0.59
456,74,7.4,865,202,non_motor,0.56
456,75,7.5,859,203,non_motor,0.58
456,76,7.6,853,202,non_motor,0.4
456,77,7.7,848,202,non_motor,0.58
456,78,7.8,843,202,non_motor,0.37
456,79,7.9,839,203,non_motor,0.36
456,80,8.0,833,203,non_motor,0.51
456,81,8.1,828,205,non_motor,0.38
456,82,8.2,824,204,non_motor,0.48
456,83,8.3,821,204,non_motor,0.38
462,76,7.6,372,121,motor,0.97
462,77,7.7,374,126,motor,0.99
462,78,7.8,376,131,motor,0.98
462,79,7.9,377,137,motor,0.99
462,80,8.0,379,142,motor,0.98
462,81,8.1,381,147,motor,0.98
462,82,8.2,383,152,motor,0.97
462,83,8.3,384,156,motor,0.97
462,84,8.4,386,161,motor,0.98
462,85,8.5,388,165,motor,0.96
462,86,8.6,390,169,motor,0.97
462,87,8.7,391,172,motor,0.96
462,88,8.8,393,177,motor,0.96
462,89,8.9,395,181,motor,0.98
462,90,9.0,397,186,motor,0.97
462,91,9.1,400,191,motor,0.97
462,92,9.2,402,196,motor,0.98
462,93,9.3,403,199,motor,0.97
462,94,9.4,406,204,motor,0.98
462,95,9.5,409,208,motor,0.98
462,96,9.6,412,212,motor,0.98
462,97,9.7,415,216,motor,0.98
462,98,9.8,419,221,motor,0.98
462,99,9.9,422,225,motor,0.99
462,100,10.0,425,230,motor,0.98
462,101,10.1,428,234,motor,0.98
462,102,10.2,432,238,motor,0.99
462,103,10.3,436,242,motor,0.98
462,104,10.4,439,245,motor,0.98
462,105,10.5,444,249,motor,0.99
462,106,10.6,447,253,motor,0.99
462,107,10.7,451,257,motor,0.99
462,108,10.8,456,259,motor,1.0
462,109,10.9,461,261,motor,0.99
462,110,11.0,465,265,motor,0.99
462,111,11.1,470,268,motor,0.99
462,112,11.2,475,270,motor,0.98
462,113,11.3,480,274,motor,0.97
462,114,11.4,485,278,motor,0.99
462,115,11.5,489,279,motor,0.98
462,116,11.6,494,281,motor,0.98
462,117,11.7,499,284,motor,0.94
462,118,11.8,504,287,motor,0.97
462,119,11.9,510,288,motor,0.99
462,120,12.0,514,290,motor,0.99
462,121,12.1,519,291,motor,0.98
462,122,12.2,524,293,motor,0.97
462,123,12.3,529,294,motor,0.98
462,124,12.4,535,297,motor,0.99
462,125,12.5,539,297,motor,0.98
462,126,12.6,545,299,motor,0.98
462,127,12.7,549,299,motor,0.98
462,128,12.8,554,301,motor,0.99
462,129,12.9,559,302,motor,0.99
462,130,13.0,563,302,motor,0.97
462,131,13.1,567,303,motor,0.99
462,132,13.2,572,304,motor,0.97
462,133,13.3,577,305,motor,0.99
462,134,13.4,581,306,motor,0.99
462,135,13.5,584,306,motor,0.98
463,61,6.1,149,300,non_motor,0.37
463,62,6.2,148,299,non_motor,0.53
463,63,6.3,148,298,non_motor,0.47
463,64,6.4,149,297,non_motor,0.39
463,65,6.5,149,294,non_motor,0.36
463,66,6.6,150,292,non_motor,0.34
463,67,6.7,151,291,non_motor,0.48
463,68,6.8,152,289,non_motor,0.66
463,69,6.9,153,288,non_motor,0.65
463,70,7.0,154,285,non_motor,0.43
463,71,7.1,156,283,non_motor,0.38
468,64,6.4,315,37,motor,0.92
468,65,6.5,315,45,motor,0.98
468,66,6.6,316,52,motor,0.96
468,67,6.7,317,61,motor,0.98
468,68,6.8,317,71,motor,0.99
468,69,6.9,319,81,motor,0.98
468,70,7.0,319,90,motor,0.98
468,71,7.1,320,99,motor,0.96
468,72,7.2,322,111,motor,0.99
468,73,7.3,324,119,motor,0.98
468,74,7.4,325,127,motor,0.99
468,75,7.5,326,137,motor,0.98
468,76,7.6,328,145,motor,0.98
468,77,7.7,329,153,motor,0.98
468,78,7.8,330,162,motor,0.96
468,79,7.9,331,170,motor,0.96
468,80,8.0,333,179,motor,0.97
468,81,8.1,334,187,motor,0.96
468,82,8.2,335,197,motor,0.97
468,83,8.3,335,203,motor,0.98
468,84,8.4,336,211,motor,0.97
468,85,8.5,337,220,motor,0.95
468,86,8.6,337,227,motor,0.96
468,87,8.7,338,235,motor,0.97
468,88,8.8,338,245,motor,0.97
468,89,8.9,339,254,motor,0.96
468,90,9.0,338,262,motor,0.98
468,91,9.1,339,271,motor,0.98
468,92,9.2,339,279,motor,0.96
468,93,9.3,340,289,motor,0.97
468,94,9.4,340,298,motor,0.97
468,95,9.5,340,309,motor,0.98
468,96,9.6,341,318,motor,0.97
468,97,9.7,342,328,motor,0.96
468,98,9.8,342,337,motor,0.94
468,99,9.9,342,347,motor,0.97
468,100,10.0,343,356,motor,0.94
468,101,10.1,343,368,motor,0.92
468,102,10.2,343,378,motor,0.94
468,103,10.3,344,387,motor,0.98
468,104,10.4,344,397,motor,0.98
468,105,10.5,344,406,motor,0.99
468,106,10.6,344,417,motor,0.98
468,107,10.7,345,427,motor,0.99
468,108,10.8,346,439,motor,0.99
468,109,10.9,346,450,motor,0.99
468,110,11.0,346,461,motor,0.99
468,111,11.1,347,471,motor,0.99
468,112,11.2,347,483,motor,0.99
468,113,11.3,348,486,motor,0.97
468,114,11.4,348,486,motor,0.88
468,115,11.5,348,486,motor,0.85
483,70,7.0,205,239,non_motor,0.35
483,71,7.1,206,238,non_motor,0.4
483,72,7.2,208,238,non_motor,0.36
483,73,7.3,209,234,non_motor,0.77
483,74,7.4,212,234,non_motor,0.6
483,81,8.1,224,228,non_motor,0.44
498,76,7.6,942,401,motor,0.71
498,77,7.7,940,400,motor,0.72
498,78,7.8,939,398,motor,0.84
498,79,7.9,938,398,motor,0.88
498,80,8.0,937,397,motor,0.92
498,81,8.1,936,397,motor,0.96
498,82,8.2,935,397,motor,0.96
498,83,8.3,936,397,motor,0.94
498,84,8.4,936,397,motor,0.93
498,85,8.5,936,396,motor,0.9
498,86,8.6,936,396,motor,0.88
498,87,8.7,936,396,motor,0.9
498,88,8.8,936,396,motor,0.89
498,89,8.9,937,396,motor,0.88
498,90,9.0,937,396,motor,0.87
498,91,9.1,936,396,motor,0.87
498,92,9.2,937,396,motor,0.9
498,93,9.3,937,397,motor,0.9
498,94,9.4,937,397,motor,0.89
498,95,9.5,937,397,motor,0.88
498,96,9.6,937,396,motor,0.92
498,97,9.7,937,396,motor,0.91
498,98,9.8,936,396,motor,0.93
498,99,9.9,936,397,motor,0.93
498,100,10.0,936,397,motor,0.94
498,101,10.1,937,397,motor,0.93
498,102,10.2,937,397,motor,0.93
498,103,10.3,937,397,motor,0.94
498,104,10.4,937,397,motor,0.94
498,105,10.5,937,397,motor,0.94
498,106,10.6,937,397,motor,0.94
498,107,10.7,937,397,motor,0.94
498,108,10.8,937,397,motor,0.94
498,109,10.9,937,397,motor,0.94
498,110,11.0,937,397,motor,0.95
498,111,11.1,937,397,motor,0.95
498,112,11.2,937,397,motor,0.94
498,113,11.3,937,397,motor,0.94
498,114,11.4,937,397,motor,0.94
498,115,11.5,937,397,motor,0.95
498,116,11.6,937,397,motor,0.94
498,117,11.7,937,397,motor,0.94
498,118,11.8,936,397,motor,0.94
498,119,11.9,936,397,motor,0.94
498,120,12.0,936,398,motor,0.95
498,121,12.1,936,398,motor,0.94
498,122,12.2,936,398,motor,0.94
498,123,12.3,937,398,motor,0.95
498,124,12.4,937,398,motor,0.95
498,125,12.5,937,398,motor,0.95
498,126,12.6,936,398,motor,0.94
498,127,12.7,937,398,motor,0.93
498,128,12.8,937,397,motor,0.92
498,129,12.9,937,397,motor,0.91
498,130,13.0,937,397,motor,0.91
498,131,13.1,937,397,motor,0.9
498,132,13.2,937,397,motor,0.91
498,133,13.3,937,396,motor,0.9
498,134,13.4,937,396,motor,0.91
498,135,13.5,937,396,motor,0.9
503,75,7.5,287,228,non_motor,0.74
503,76,7.6,287,234,non_motor,0.72
503,77,7.7,289,243,non_motor,0.85
503,78,7.8,290,251,non_motor,0.66
503,79,7.9,290,257,non_motor,0.73
503,80,8.0,291,266,non_motor,0.75
503,81,8.1,292,270,non_motor,0.51
503,82,8.2,293,277,non_motor,0.69
503,83,8.3,293,283,non_motor,0.87
503,84,8.4,292,290,non_motor,0.66
503,85,8.5,292,297,non_motor,0.85
503,86,8.6,292,304,non_motor,0.73
503,87,8.7,292,310,non_motor,0.74
503,88,8.8,292,316,non_motor,0.88
503,89,8.9,291,324,non_motor,0.53
503,90,9.0,291,331,non_motor,0.63
503,91,9.1,291,337,non_motor,0.61
503,92,9.2,291,343,non_motor,0.4
503,93,9.3,290,352,non_motor,0.55
503,94,9.4,289,359,non_motor,0.52
503,95,9.5,289,363,non_motor,0.63
503,96,9.6,289,368,non_motor,0.62
503,97,9.7,289,375,non_motor,0.37
503,98,9.8,289,382,non_motor,0.46
503,104,10.4,285,423,non_motor,0.52
503,105,10.5,283,432,non_motor,0.36
503,106,10.6,282,439,non_motor,0.31
512,77,7.7,329,24,motor,0.65
512,78,7.8,329,31,motor,0.86
512,79,7.9,330,38,motor,0.98
512,80,8.0,331,48,motor,0.98
512,81,8.1,331,58,motor,0.98
512,82,8.2,333,67,motor,0.98
512,83,8.3,334,75,motor,0.97
512,84,8.4,334,83,motor,0.99
512,85,8.5,334,91,motor,0.99
512,86,8.6,334,99,motor,0.99
512,87,8.7,334,107,motor,0.98
512,88,8.8,334,114,motor,0.99
512,89,8.9,334,122,motor,0.98
512,90,9.0,335,131,motor,0.99
512,91,9.1,335,138,motor,0.99
512,92,9.2,335,146,motor,0.99
512,93,9.3,335,154,motor,0.99
512,94,9.4,336,162,motor,0.98
512,95,9.5,336,169,motor,0.99
512,96,9.6,337,178,motor,0.99
512,97,9.7,337,186,motor,0.98
512,98,9.8,338,193,motor,0.98
512,99,9.9,338,201,motor,0.99
512,100,10.0,338,209,motor,0.98
512,101,10.1,338,217,motor,0.98
512,102,10.2,338,225,motor,0.99
512,103,10.3,338,234,motor,0.99
512,104,10.4,338,242,motor,0.98
512,105,10.5,338,250,motor,0.97
512,106,10.6,338,257,motor,0.99
512,107,10.7,338,266,motor,0.99
512,108,10.8,338,274,motor,0.99
512,109,10.9,339,282,motor,0.98
512,110,11.0,339,290,motor,0.97
512,111,11.1,339,298,motor,0.99
512,112,11.2,339,308,motor,0.99
512,113,11.3,339,317,motor,0.99
512,114,11.4,340,325,motor,0.99
512,115,11.5,340,333,motor,0.98
512,116,11.6,341,342,motor,0.99
512,117,11.7,340,351,motor,0.99
512,118,11.8,340,360,motor,0.98
512,119,11.9,341,370,motor,0.95
512,120,12.0,341,379,motor,0.96
512,121,12.1,341,388,motor,0.94
512,122,12.2,341,397,motor,0.96
512,123,12.3,341,407,motor,0.99
512,124,12.4,342,416,motor,0.99
512,125,12.5,341,424,motor,0.98
512,126,12.6,342,435,motor,0.98
512,127,12.7,342,445,motor,0.98
512,128,12.8,342,455,motor,0.99
512,129,12.9,342,465,motor,0.99
512,130,13.0,342,474,motor,1.0
512,131,13.1,342,484,motor,0.99
512,132,13.2,342,486,motor,0.98
512,133,13.3,342,486,motor,0.94
512,134,13.4,342,486,motor,0.89
512,135,13.5,343,486,motor,0.72
517,78,7.8,200,330,non_motor,0.4
517,79,7.9,200,331,non_motor,0.49
521,79,7.9,871,257,motor,0.59
528,80,8.0,333,372,non_motor,0.41
528,109,10.9,336,370,non_motor,0.42
528,110,11.0,336,370,non_motor,0.49
528,111,11.1,336,370,non_motor,0.47
528,112,11.2,336,370,non_motor,0.38
528,114,11.4,336,369,non_motor,0.33
528,128,12.8,337,371,non_motor,0.47
528,129,12.9,337,371,non_motor,0.53
528,130,13.0,338,372,non_motor,0.49
528,131,13.1,338,372,non_motor,0.48
528,132,13.2,338,372,non_motor,0.46
528,133,13.3,338,372,non_motor,0.47
528,134,13.4,338,372,non_motor,0.45
528,135,13.5,338,372,non_motor,0.46
531,80,8.0,719,387,non_motor,0.43
531,81,8.1,718,387,non_motor,0.32
531,82,8.2,718,387,non_motor,0.3
531,83,8.3,718,389,non_motor,0.3
531,84,8.4,717,387,non_motor,0.36
531,85,8.5,718,388,non_motor,0.4
531,86,8.6,718,388,non_motor,0.44
531,87,8.7,719,388,non_motor,0.42
531,88,8.8,719,388,non_motor,0.34
531,89,8.9,719,387,non_motor,0.32
531,90,9.0,720,385,non_motor,0.29
531,91,9.1,719,384,non_motor,0.28
531,94,9.4,719,385,non_motor,0.27
531,100,10.0,718,386,non_motor,0.51
531,101,10.1,718,387,non_motor,0.46
531,102,10.2,718,387,non_motor,0.37
531,103,10.3,718,388,non_motor,0.34
531,104,10.4,718,388,non_motor,0.37
531,105,10.5,718,388,non_motor,0.35
531,106,10.6,718,387,non_motor,0.34
531,107,10.7,718,387,non_motor,0.37
531,108,10.8,718,386,non_motor,0.32
531,109,10.9,718,386,non_motor,0.29
531,112,11.2,718,386,non_motor,0.27
531,113,11.3,718,387,non_motor,0.29
531,114,11.4,718,387,non_motor,0.31
531,115,11.5,718,387,non_motor,0.31
531,116,11.6,718,387,non_motor,0.29
531,117,11.7,718,387,non_motor,0.29
531,118,11.8,718,387,non_motor,0.32
531,119,11.9,718,387,non_motor,0.34
531,120,12.0,718,388,non_motor,0.35
531,121,12.1,718,388,non_motor,0.35
531,122,12.2,718,388,non_motor,0.41
531,123,12.3,719,388,non_motor,0.38
531,124,12.4,719,389,non_motor,0.45
531,125,12.5,719,389,non_motor,0.42
531,126,12.6,719,388,non_motor,0.36
531,127,12.7,719,387,non_motor,0.38
531,128,12.8,719,387,non_motor,0.4
531,129,12.9,719,387,non_motor,0.35
531,130,13.0,719,387,non_motor,0.31
531,131,13.1,719,387,non_motor,0.29
531,132,13.2,719,387,non_motor,0.28
531,134,13.4,719,387,non_motor,0.27
531,135,13.5,719,387,non_motor,0.27
536,81,8.1,301,370,non_motor,0.47
536,82,8.2,302,370,non_motor,0.37
536,83,8.3,302,370,non_motor,0.35
536,84,8.4,303,369,non_motor,0.36
536,85,8.5,302,369,non_motor,0.35
536,98,9.8,305,369,non_motor,0.33
536,99,9.9,304,369,non_motor,0.42
536,100,10.0,304,369,non_motor,0.41
536,101,10.1,304,369,non_motor,0.35
536,102,10.2,304,369,non_motor,0.39
536,103,10.3,304,369,non_motor,0.26
536,107,10.7,303,369,non_motor,0.26
536,109,10.9,303,369,non_motor,0.28
536,119,11.9,303,369,non_motor,0.26
544,84,8.4,466,288,non_motor,0.37
544,85,8.5,466,288,non_motor,0.31
544,86,8.6,466,288,non_motor,0.32
544,87,8.7,466,288,non_motor,0.29
544,88,8.8,467,288,non_motor,0.3
544,89,8.9,467,288,non_motor,0.32
544,90,9.0,467,288,non_motor,0.34
544,91,9.1,467,288,non_motor,0.32
544,92,9.2,467,288,non_motor,0.41
544,93,9.3,467,288,non_motor,0.37
544,94,9.4,467,288,non_motor,0.26
544,95,9.5,467,288,non_motor,0.26
544,96,9.6,467,288,non_motor,0.26
544,98,9.8,467,288,non_motor,0.27
544,104,10.4,467,288,non_motor,0.29
544,135,13.5,468,289,non_motor,0.29
549,87,8.7,813,203,non_motor,0.51
549,88,8.8,811,204,non_motor,0.46
549,89,8.9,807,205,non_motor,0.35
549,93,9.3,793,205,non_motor,0.38
554,91,9.1,224,218,non_motor,0.33
554,92,9.2,224,218,non_motor,0.28
554,93,9.3,224,216,non_motor,0.29
554,98,9.8,226,211,non_motor,0.44
554,99,9.9,225,210,non_motor,0.33
554,100,10.0,226,211,non_motor,0.43
554,101,10.1,225,210,non_motor,0.47
554,102,10.2,225,209,non_motor,0.5
554,103,10.3,225,208,non_motor,0.42
554,104,10.4,226,207,non_motor,0.26
556,93,9.3,337,369,non_motor,0.36
556,94,9.4,337,371,non_motor,0.34
556,97,9.7,338,369,non_motor,0.42
561,95,9.5,178,252,non_motor,0.42
561,96,9.6,177,251,non_motor,0.57
561,97,9.7,178,249,non_motor,0.39
561,98,9.8,177,248,non_motor,0.37
561,99,9.9,176,248,non_motor,0.57
561,100,10.0,177,247,non_motor,0.64
561,101,10.1,177,247,non_motor,0.45
561,102,10.2,177,246,non_motor,0.43
561,103,10.3,176,245,non_motor,0.35
561,104,10.4,175,244,non_motor,0.35
561,105,10.5,175,243,non_motor,0.39
561,106,10.6,174,242,non_motor,0.34
561,107,10.7,175,242,non_motor,0.51
561,108,10.8,174,240,non_motor,0.46
561,109,10.9,174,241,non_motor,0.5
561,111,11.1,173,235,non_motor,0.54
561,112,11.2,172,234,non_motor,0.51
561,113,11.3,172,234,non_motor,0.47
561,114,11.4,171,234,non_motor,0.61
561,115,11.5,171,234,non_motor,0.71
561,116,11.6,171,233,non_motor,0.78
561,117,11.7,170,233,non_motor,0.46
561,118,11.8,169,232,non_motor,0.46
561,119,11.9,168,231,non_motor,0.55
561,120,12.0,166,229,non_motor,0.46
561,126,12.6,158,222,non_motor,0.54
561,127,12.7,157,221,non_motor,0.51
561,128,12.8,156,221,non_motor,0.65
561,129,12.9,155,220,non_motor,0.56
561,130,13.0,155,219,non_motor,0.64
561,131,13.1,155,218,non_motor,0.63
561,132,13.2,154,216,non_motor,0.45
561,133,13.3,153,216,non_motor,0.4
561,134,13.4,152,215,non_motor,0.42
561,135,13.5,152,215,non_motor,0.4
581,102,10.2,773,206,non_motor,0.41
581,103,10.3,772,206,non_motor,0.42
581,104,10.4,770,206,non_motor,0.37
581,105,10.5,768,206,non_motor,0.33
581,106,10.6,766,206,non_motor,0.27
581,107,10.7,764,206,non_motor,0.41
581,108,10.8,762,207,non_motor,0.49
581,109,10.9,761,207,non_motor,0.49
581,110,11.0,760,206,non_motor,0.37
581,123,12.3,737,208,non_motor,0.46
581,124,12.4,735,209,non_motor,0.59
581,125,12.5,733,208,non_motor,0.61
581,126,12.6,732,208,non_motor,0.46
581,127,12.7,730,207,non_motor,0.55
581,128,12.8,729,208,non_motor,0.64
581,129,12.9,728,209,non_motor,0.67
581,130,13.0,727,209,non_motor,0.63
581,131,13.1,727,208,non_motor,0.65
581,132,13.2,721,208,non_motor,0.42
581,133,13.3,720,208,non_motor,0.42
581,134,13.4,720,208,non_motor,0.43
581,135,13.5,720,209,non_motor,0.45
582,102,10.2,334,34,motor,0.85
582,103,10.3,335,41,motor,0.93
582,104,10.4,335,47,motor,0.72
582,105,10.5,335,56,motor,0.83
582,106,10.6,335,64,motor,0.95
582,107,10.7,336,72,motor,0.88
582,108,10.8,336,80,motor,0.96
582,109,10.9,336,90,motor,0.97
582,110,11.0,336,97,motor,0.94
582,111,11.1,336,103,motor,0.9
582,112,11.2,336,111,motor,0.98
582,113,11.3,336,120,motor,0.94
582,114,11.4,336,128,motor,0.91
582,115,11.5,336,136,motor,0.95
582,116,11.6,337,145,motor,0.97
582,117,11.7,337,153,motor,0.94
582,118,11.8,337,161,motor,0.95
582,119,11.9,337,169,motor,0.92
582,120,12.0,338,177,motor,0.93
582,121,12.1,338,184,motor,0.83
582,122,12.2,338,192,motor,0.9
582,123,12.3,339,200,motor,0.96
582,124,12.4,339,209,motor,0.91
582,125,12.5,339,216,motor,0.9
582,126,12.6,339,225,motor,0.85
582,127,12.7,339,233,motor,0.83
582,128,12.8,339,242,motor,0.93
582,129,12.9,339,249,motor,0.88
582,130,13.0,339,257,motor,0.83
582,131,13.1,339,266,motor,0.73
582,132,13.2,340,274,motor,0.9
582,133,13.3,340,283,motor,0.89
582,134,13.4,340,291,motor,0.92
582,135,13.5,339,300,motor,0.82
586,104,10.4,821,285,motor,0.41
586,105,10.5,820,284,motor,0.32
587,106,10.6,285,145,non_motor,0.58
592,109,10.9,282,163,non_motor,0.37
592,111,11.1,282,168,non_motor,0.39
592,112,11.2,283,170,non_motor,0.4
592,113,11.3,283,171,non_motor,0.37
603,113,11.3,809,275,non_motor,0.45
603,114,11.4,807,276,non_motor,0.4
603,115,11.5,806,276,non_motor,0.38
609,117,11.7,370,31,motor,0.87
609,118,11.8,371,38,motor,0.94
609,119,11.9,373,45,motor,0.88
609,120,12.0,373,53,motor,0.7
609,121,12.1,373,60,motor,0.81
609,122,12.2,373,68,motor,0.73
609,123,12.3,375,75,motor,0.78
609,124,12.4,377,83,motor,0.95
609,125,12.5,377,90,motor,0.9
609,126,12.6,378,98,motor,0.94
609,127,12.7,379,103,motor,0.83
609,128,12.8,380,112,motor,0.82
609,129,12.9,381,118,motor,0.94
609,130,13.0,382,125,motor,0.9
609,131,13.1,385,132,motor,0.96
609,132,13.2,386,139,motor,0.95
609,133,13.3,388,145,motor,0.89
609,134,13.4,389,151,motor,0.96
609,135,13.5,392,157,motor,0.92
614,118,11.8,579,452,non_motor,0.59
614,119,11.9,578,448,non_motor,0.48
614,120,12.0,578,440,non_motor,0.63
614,121,12.1,577,438,non_motor,0.53
614,122,12.2,576,437,non_motor,0.35
614,123,12.3,575,432,non_motor,0.55
614,124,12.4,574,427,non_motor,0.76
614,125,12.5,573,432,non_motor,0.69
614,126,12.6,570,426,non_motor,0.66
614,127,12.7,568,419,non_motor,0.45
614,128,12.8,566,414,non_motor,0.51
614,129,12.9,564,412,non_motor,0.73
614,130,13.0,562,407,non_motor,0.85
614,131,13.1,561,405,non_motor,0.71
614,132,13.2,557,402,non_motor,0.54
614,133,13.3,555,397,non_motor,0.48
614,134,13.4,553,395,non_motor,0.36
622,121,12.1,160,122,non_motor,0.5
622,122,12.2,157,123,non_motor,0.38
622,123,12.3,155,125,non_motor,0.48
622,124,12.4,153,126,non_motor,0.46
622,125,12.5,151,127,non_motor,0.32
627,123,12.3,410,29,motor,0.61
627,124,12.4,409,31,motor,0.87
627,125,12.5,410,34,motor,0.81
627,126,12.6,409,37,motor,0.87
627,127,12.7,409,41,motor,0.9
627,128,12.8,409,43,motor,0.96
627,129,12.9,409,45,motor,0.97
627,130,13.0,408,47,motor,0.95
627,131,13.1,409,48,motor,0.93
627,132,13.2,410,50,motor,0.94
627,133,13.3,410,53,motor,0.97
627,134,13.4,410,55,motor,0.97
627,135,13.5,411,57,motor,0.94
632,125,12.5,331,20,motor,0.59
632,126,12.6,331,27,motor,0.86
632,127,12.7,330,34,motor,0.96
632,128,12.8,330,41,motor,0.98
632,129,12.9,330,50,motor,0.98
632,130,13.0,330,58,motor,0.98
632,131,13.1,330,65,motor,0.99
632,132,13.2,331,74,motor,0.98
632,133,13.3,331,82,motor,0.99
632,134,13.4,331,90,motor,0.99
632,135,13.5,331,99,motor,0.99
637,128,12.8,939,289,motor,0.32
637,129,12.9,939,289,motor,0.29
637,130,13.0,938,290,motor,0.4
637,131,13.1,938,290,motor,0.55
637,132,13.2,938,290,motor,0.49
637,133,13.3,938,289,motor,0.31
638,129,12.9,797,277,non_motor,0.33
638,130,13.0,797,277,non_motor,0.3
638,131,13.1,797,276,non_motor,0.34
638,132,13.2,798,276,non_motor,0.36
638,133,13.3,798,276,non_motor,0.39
638,134,13.4,798,276,non_motor,0.4
638,135,13.5,797,276,non_motor,0.39
640,130,13.0,300,24,motor,0.57
640,131,13.1,300,28,motor,0.76
640,132,13.2,300,34,motor,0.94
640,133,13.3,300,41,motor,0.98
640,134,13.4,300,48,motor,0.98
640,135,13.5,300,54,motor,0.98
642,132,13.2,273,241,non_motor,0.69
642,133,13.3,274,244,non_motor,0.78
642,134,13.4,273,250,non_motor,0.75
642,135,13.5,272,253,non_motor,0.88
